Laboratório,Marca,Tipo Auditoria,Tipo Canal,Data,Período,"Absoluto 
Valor Real com Desconto"
ZYDUS BRASIL,ZYLINOX SL (ZY-),Non-Retail,Privado,Out 2020,MTH,0.0
NOVARTIS,RYDAPT (NVR),Retail,Privado,Out 2020,MTH,191715.87
MEDLEY,CITALOPRAM MG (MD7),Retail,Privado,Abr 2020,MTH,844721.6699999999
EUROFARMA,DOPO (EUF),Non-Retail,Privado,Dez 2020,MTH,0.0
BRISTOL M. SQUIBB,RUBRANOVA (BMS),Retail,Privado,Jun 2020,MTH,0.0
TAKEDA PHARMA,REPLAGAL (TAK),Retail,Privado,Jul 2020,MTH,0.0
LEGRAND,CAPTOPRIL MG (LG6),Retail,Privado,Jun 2020,MTH,64.4
CIFARMA,FERANE 35 (CF2),Non-Retail,Privado,Jul 2020,MTH,15061.99196
RANBAXY,AXETIL CEFUROXI.MG (RBY),Non-Retail,Público,Jul 2020,MTH,211.39636
TEUTO BRASILEIRO,METRONIDAZOL MG (TTB),Retail,Privado,Ago 2020,MTH,324809.93
NOVARTIS,AFINITOR (NVR),Non-Retail,Público,Abr 2020,MTH,35556.54647
THERASKIN,THERAPSOR (TSK),Retail,Privado,Fev 2020,MTH,465579.06
EUROFARMA,ZINA (EUF),Non-Retail,Público,Nov 2020,MTH,65.29368
EUROFARMA,MANTIDAN (EUF),Non-Retail,Público,Ago 2020,MTH,295613.01647
TORRENT,LOREDON (TNT),Retail,Privado,Mai 2020,MTH,620348.2799999999
SAMTEC,GLICOSE (STT),Retail,Privado,Out 2020,MTH,7905.98
GSK FARMA,TRIUMEQ (GSK),Non-Retail,Privado,Ago 2020,MTH,0.0
TEUTO BRASILEIRO,SULFAMET+TRIMET.MG (TTB),Non-Retail,Privado,Nov 2020,MTH,10621.10614
EMS PHARMA,TACROLIL (E3S),Non-Retail,Privado,Abr 2020,MTH,9656.219470000002
EUROFARMA,LEG (EUF),Non-Retail,Público,Dez 2020,MTH,0.0
NEO QUIMICA,SULF SALBUTAMOL MG (N.Q),Non-Retail,Público,Jul 2020,MTH,0.0
BIOLAB GENERICOS,MON ISOSSORBIDA MG (BGN),Non-Retail,Privado,Out 2020,MTH,19315.71668
AMGEN BERGAMO,MICEND (AAI),Non-Retail,Privado,Mar 2020,MTH,10907.26874
EMS PHARMA,CLO VENLAFAXINA MG (E3S),Retail,Privado,Ago 2020,MTH,455337.17
UNIAO QUIMICA F N,CELESTRAT (U.Q),Retail,Privado,Jul 2020,MTH,894951.6200000001
SANOFI,HEXOMEDINE (S.A),Non-Retail,Privado,Dez 2020,MTH,6425.019940000001
LEGRAND,CLOR.METFORMINA MG (LG6),Retail,Privado,Jan 2020,MTH,0.0
MEDLEY,AZITROMICINA MG (MD7),Non-Retail,Privado,Ago 2020,MTH,42419.68277
NOVARTIS,OX ESCITALOPRAM MG (NVR),Non-Retail,Público,Jun 2020,MTH,0.0
LEGRAND,FUM QUETIAPINA MG (LG6),Retail,Privado,Abr 2020,MTH,0.0
AMGEN BERGAMO,REPATHA (AAI),Non-Retail,Público,Jul 2020,MTH,104065.15236
TEUTO BRASILEIRO,AERODINI (TTB),Non-Retail,Público,Jul 2020,MTH,22693.40124
UNIAO QUIMICA F N,CETROLAC (U.Q),Non-Retail,Privado,Fev 2020,MTH,122469.45535
AMGEN BERGAMO,AMGEVITA (AAI),Non-Retail,Privado,Mar 2020,MTH,99289.22746999988
MULTILAB,MICLOX (MB9),Retail,Privado,Jun 2020,MTH,13181.76
BLAU FARMACEUTICA,HIOARISTON (BU+),Non-Retail,Público,Jan 2020,MTH,0.0
TEUTO BRASILEIRO,CLOR.PAROXETINA MG (TTB),Non-Retail,Privado,Nov 2020,MTH,9222.733059999997
EMS PHARMA,HIDROALERG (E3S),Retail,Privado,Mar 2020,MTH,17.95
GENZYME,ZALTRAP (GEZ),Retail,Privado,Mai 2020,MTH,47689.82000000001
ARESE,FLENUS (AEE),Retail,Privado,Abr 2020,MTH,149161.53
SUPERA RX,CIBEX (SP0),Non-Retail,Público,Set 2020,MTH,0.0
BIOLAB-SANUS FARMA,LEVEL (BS2),Non-Retail,Privado,Ago 2020,MTH,6629.267970000002
BELFAR,CET+D.BET+S.NEO MG (BLF),Retail,Privado,Mar 2020,MTH,31877.44
BLAU FARMACEUTICA,CLAFORDIL (BU+),Retail,Privado,Jan 2020,MTH,1262.0
MEDLEY,SUCC.DESVENLAFA MG (MD7),Retail,Privado,Jul 2020,MTH,1572527.28
LIBBS,NATIFA PRO (LIB),Non-Retail,Público,Mar 2020,MTH,24.32486
HERBARIUM,RECALM (HBA),Non-Retail,Privado,Dez 2020,MTH,0.0
EUROFARMA,EROXYM (EUF),Retail,Privado,Ago 2020,MTH,0.0
SANDOZ DO BRASIL,LUMIRARTE (SDZ),Retail,Privado,Out 2020,MTH,0.0
SUPERA RX,NIMEGON (SP0),Non-Retail,Privado,Mai 2020,MTH,6933.1112
EUROFARMA,CORRETAL (EUF),Non-Retail,Público,Abr 2020,MTH,91795.13312
TEUTO BRASILEIRO,DICLOFEN.POTASI MG (TTB),Non-Retail,Público,Dez 2020,MTH,2364.94319
MANTECORP FARMASA,MACRODANTINA (MF+),Non-Retail,Privado,Jun 2020,MTH,27428.77271
GEOLAB,NISTRAZIN (GOB),Retail,Privado,Mar 2020,MTH,95566.12
JANSSEN CILAG,ZYTIGA (J-C),Non-Retail,Privado,Mai 2020,MTH,5963927.562439999
SANVAL,ESTRIONIL (SNV),Non-Retail,Privado,Jun 2020,MTH,4932.41245
BELFAR,FLAGIMAX (BLF),Non-Retail,Privado,Mai 2020,MTH,8368.13017
ACHE,OSTEOBAN (A4H),Non-Retail,Privado,Nov 2020,MTH,3531.300129999999
PRATI DONADUZZI,INDAPAMIDA MG (PZ8),Non-Retail,Privado,Ago 2020,MTH,834.11019
CRISTALIA,MALEATO TIMOLOL MG (CT6),Non-Retail,Público,Dez 2020,MTH,0.0
SAUAD FARMACEUTICA,VITICROMIN (SF1),Retail,Privado,Out 2020,MTH,0.0
MARJAN,ASDRON (MJA),Retail,Privado,Ago 2020,MTH,0.0
LEGRAND,BENEVRAN (LG6),Retail,Privado,Jun 2020,MTH,330009.48
EUROFARMA,PIEMONTE (EUF),Non-Retail,Privado,Abr 2020,MTH,8838.70552
EUROFARMA,CLOR.CICLOBENZA.MG (EUF),Non-Retail,Público,Jun 2020,MTH,88.07878000000001
EUROFARMA,AZOX (EUF),Retail,Privado,Mai 2020,MTH,332287.14
BIOLAB-SANUS FARMA,FLUX SR (BS2),Retail,Privado,Dez 2020,MTH,0.0
MEDLEY,GLIMEPIRIDA MG (MD7),Non-Retail,Público,Mai 2020,MTH,0.0
ABL ANTIBIOTICOS,MEROPENEM MG (AB3),Retail,Privado,Dez 2020,MTH,716.8
MSD,ONICIT NVPO (MSD),Non-Retail,Público,Set 2020,MTH,0.0
PHARLAB,CIPROFLONAX (P7B),Non-Retail,Privado,Jun 2020,MTH,157702.49052
ARESE,ENAX (AEE),Retail,Privado,Jul 2020,MTH,793571.0
CIMED,CET+D.BET+S.NEO MG (CM5),Non-Retail,Público,Dez 2020,MTH,0.0
ABL ANTIBIOTICOS,PROTO-ITECAN (AB3),Non-Retail,Privado,Jun 2020,MTH,68737.72725
PRATI DONADUZZI,CETO+DIP BETAME MG (PZ8),Retail,Privado,Out 2020,MTH,364.6799999999999
BAXTER,MITEXAN (BAX),Retail,Privado,Nov 2020,MTH,591.72
GEOLAB,CLOR.AMIODARONA MG (GOB),Retail,Privado,Dez 2020,MTH,641174.6799999998
ALLERGAN,LASTACAFT (ALL),Non-Retail,Privado,Set 2020,MTH,1828.34088
NEO QUIMICA,CLOR.CICLOBENZA.MG (N.Q),Retail,Privado,Jun 2020,MTH,121889.3
ACHE,HPMIX (A4H),Retail,Privado,Jul 2020,MTH,122151.4
ALLERGAN,PRED MILD (ALL),Retail,Privado,Jan 2020,MTH,297608.73
APOTEX,CLOR.PAROXETINA MG (ATX),Retail,Privado,Jun 2020,MTH,0.0
PFIZER,SUTENT (PFZ),Non-Retail,Privado,Jul 2020,MTH,2630162.03526
ZAMBON,RINOFLUIMUCIL (ZAM),Non-Retail,Público,Jul 2020,MTH,0.0
SANDOZ DO BRASIL,DESOGESTREL MG (SDZ),Retail,Privado,Set 2020,MTH,3673697.58
EMS PHARMA,DESOGESTREL MG (E3S),Non-Retail,Privado,Out 2020,MTH,1393.74388
ALLERGAN,RELESTAT (ALL),Non-Retail,Privado,Out 2020,MTH,944.14906
EMS PHARMA,AC DEXAMETASONA MG (E3S),Retail,Privado,Jan 2020,MTH,316868.79
MSD,KEYTRUDA (MSD),Non-Retail,Privado,Mai 2020,MTH,72404579.68011001
TEUTO BRASILEIRO,V.BE+SU.G+TO+CL MG (TTB),Non-Retail,Privado,Ago 2020,MTH,2235.19724
TORRENT,SLENFIG (TNT),Retail,Privado,Fev 2020,MTH,104016.94
EMS PHARMA,CLO VENLAFAXINA MG (E3S),Retail,Privado,Set 2020,MTH,421368.75
TEUTO BRASILEIRO,NIMESULIDA MG (TTB),Non-Retail,Público,Dez 2020,MTH,0.0
EUROFARMA,ANDOLBA NF (EUF),Retail,Privado,Mai 2020,MTH,719673.15
ACCORD FARMACEUTIC,CITARABINA MG (A1F),Retail,Privado,Jun 2020,MTH,6776.6
TEUTO BRASILEIRO,FOS.DIS.DEXAMET.MG (TTB),Non-Retail,Público,Fev 2020,MTH,57545.0514
ROCHE,XELODA (ROC),Non-Retail,Privado,Mai 2020,MTH,941721.34741
LILLY,GEMZAR (LLY),Non-Retail,Privado,Ago 2020,MTH,481510.5571799999
MEDQUIMICA,CLOR.CIPROFLOXA.MG (MDQ),Non-Retail,Público,Nov 2020,MTH,0.0
LEGRAND,CLOR.METFORMINA MG (LG6),Retail,Privado,Jul 2020,MTH,3.91
MULTILAB,MEFLAGIN (MB9),Retail,Privado,Dez 2020,MTH,147911.51
TORRENT,LAMOTRIGINA MG (TNT),Non-Retail,Público,Fev 2020,MTH,43.4335
PFIZER,ZAVEDOS (PFZ),Retail,Privado,Mai 2020,MTH,0.0
ABL ANTIBIOTICOS,KEFTRON (AB3),Non-Retail,Privado,Jul 2020,MTH,53631.26126000001
UNIAO QUIMICA F N,UNI NORFLOXACIN (U.Q),Retail,Privado,Abr 2020,MTH,0.0
EUROFARMA,TADA DIARIO (EUF),Retail,Privado,Mai 2020,MTH,622746.09
GERMED PHARMA,BETAMETASONA MG (GM2),Non-Retail,Público,Mai 2020,MTH,0.0
GEOLAB,BEXETON (GOB),Non-Retail,Privado,Fev 2020,MTH,738.3695799999999
EUROFARMA,CLOR.AMITRIPTIL.MG (EUF),Retail,Privado,Out 2020,MTH,297224.1
LIBBS,TEORO (LIB),Non-Retail,Público,Fev 2020,MTH,0.0
VITAMEDIC,VERTIZAN (VI-),Non-Retail,Privado,Jan 2020,MTH,10116.60586
EUROFARMA,HEIMER (EUF),Non-Retail,Público,Dez 2020,MTH,10.30476
EMS PHARMA,MALU (E3S),Non-Retail,Privado,Jul 2020,MTH,15.85471
LIBBS,ATRED (LIB),Non-Retail,Público,Dez 2020,MTH,3637.58146
EQUIPLEX,SOL RINGER LACTATO (EQX),Retail,Privado,Abr 2020,MTH,2083.809999999999
EUROFARMA,CLOR.CIPROFLOXA.MG (EUF),Retail,Privado,Nov 2020,MTH,262646.16
GLENMARK,OXALIPLATINA MG (GMK),Non-Retail,Privado,Mai 2020,MTH,209794.14509
SANOFI,ARAVA (S.A),Retail,Privado,Fev 2020,MTH,726609.03
SANDOZ DO BRASIL,MELOXICAM MG (SDZ),Retail,Privado,Jan 2020,MTH,42926.17
GENZYME,MYOZYME (GEZ),Non-Retail,Público,Jun 2020,MTH,3577667.36266
BOEHRINGER ING,PRADAXA (B.I),Non-Retail,Privado,Out 2020,MTH,120772.40376
SANDOZ DO BRASIL,VIBRADOXIN (SDZ),Non-Retail,Público,Dez 2020,MTH,0.0
CIMED,AMOXIMED (CM5),Non-Retail,Privado,Fev 2020,MTH,9798.59882
MARJAN,DOZEMAST (MJA),Retail,Privado,Ago 2020,MTH,1201040.75
NOVARTIS,ACET.PREDNISOLO.MG (NVR),Retail,Privado,Mar 2020,MTH,34202.09
AUROBINDO PHARMA,CITALOPRAM MG (AOB),Retail,Privado,Jun 2020,MTH,7196.0
JANSSEN CILAG,DAKTARIN GEL (J-C),Retail,Privado,Out 2020,MTH,306633.6
HEBRON/QUEZALON,HINOX (HBR),Retail,Privado,Dez 2020,MTH,0.0
VITAMEDIC,SULFAMET+TRIMET.MG (VI-),Retail,Privado,Jan 2020,MTH,168713.22
UNIAO QUIMICA F N,MAXINOM (U.Q),Non-Retail,Público,Out 2020,MTH,67.43922
GERMED PHARMA,ITRACONAZOL MG (GM2),Non-Retail,Privado,Jul 2020,MTH,8344.872019999999
TEUTO BRASILEIRO,VENAFLON (TTB),Non-Retail,Privado,Mar 2020,MTH,327475.90619
BIOLAB-SANUS FARMA,NOCTIDEN (BS2),Retail,Privado,Set 2020,MTH,458615.46
EMS PHARMA,BEDECI (E3S),Non-Retail,Público,Abr 2020,MTH,0.0
PFIZER,ZITROMAX (PFZ),Non-Retail,Privado,Mar 2020,MTH,1160106.25096
NEO QUIMICA,BECLONATO (N.Q),Non-Retail,Público,Dez 2020,MTH,26225.62278
EUROFARMA,FINASTERIDA MG (EUF),Non-Retail,Privado,Nov 2020,MTH,205598.93352
MEDLEY,DICLOFENACO SOD.MG (MD7),Retail,Privado,Dez 2020,MTH,628666.62
NOVA QUIMICA,TOPIRAMATO MG (NQA),Non-Retail,Privado,Jan 2020,MTH,6250.439759999998
EMS PHARMA,MICROPIL (E3S),Retail,Privado,Jan 2020,MTH,596541.1799999998
EMS PHARMA,SUCRAFILM (E3S),Retail,Privado,Set 2020,MTH,3211502.04
MANTECORP FARMASA,LOPIGREL (MF+),Retail,Privado,Jan 2020,MTH,0.0
MUNDIPHARMA,SAFLUTAN (MUN),Retail,Privado,Fev 2020,MTH,322315.8
NOVARTIS,ACET.PREDNISOLO.MG (NVR),Retail,Privado,Jul 2020,MTH,8207.13
GERMED PHARMA,CAND CILE+HIDRO MG (GM2),Non-Retail,Privado,Dez 2020,MTH,0.0
HERBARIUM,PROSTATAL NF (HBA),Retail,Privado,Mai 2020,MTH,124501.0
RANBAXY,CLOR.FLUOXETINA MG (RBY),Non-Retail,Privado,Out 2020,MTH,16.8598
ACHE,EXODUS (A4H),Retail,Privado,Ago 2020,MTH,8706578.61
EMS PHARMA,CLO VENLAFAXINA MG (E3S),Non-Retail,Privado,Abr 2020,MTH,10022.50814
ABBOTT,ENDRONAX (ABT),Retail,Privado,Jun 2020,MTH,0.0
NOVARTIS,AZOPT (NVR),Retail,Privado,Nov 2020,MTH,1808540.16
GERMED PHARMA,CLOR TRAMADOL MG (GM2),Non-Retail,Privado,Ago 2020,MTH,11219.59992
FARMACE,ATROFARMA (FM/),Non-Retail,Privado,Jan 2020,MTH,8055.20254
NATCOFARMA D BRASI,EVEROLIMO MG (NCF),Non-Retail,Privado,Set 2020,MTH,629105.67697
SUPERA RX,FAGICO (SP0),Non-Retail,Público,Ago 2020,MTH,0.0
ACHE,PROSTAVASIN (A4H),Non-Retail,Público,Abr 2020,MTH,431647.3436
GERMED PHARMA,DESLORATADINA MG (GM2),Retail,Privado,Out 2020,MTH,300236.92
GERMED PHARMA,HEM ZOLPIDEM MG (GM2),Retail,Privado,Jun 2020,MTH,297126.48
LILLY,BASAGLAR (LLY),Retail,Privado,Mai 2020,MTH,3594010.29
SANTISA,SANTIDOR (SIS),Non-Retail,Privado,Set 2020,MTH,146628.62564
EMS PHARMA,HIBOR (E3S),Retail,Privado,Dez 2020,MTH,0.0
LIBBS,FINALOP (LIB),Non-Retail,Privado,Jul 2020,MTH,327.66437
EMS PHARMA,PENVIR LABIA (E3S),Non-Retail,Privado,Abr 2020,MTH,323.8204299999999
NOVA QUIMICA,CLOTRIMAZOL MG (NQA),Non-Retail,Privado,Nov 2020,MTH,15567.10285
TEUTO BRASILEIRO,ALPRAZOLAM MG (TTB),Non-Retail,Público,Dez 2020,MTH,0.0
ABBOTT,BETASERC (ABT),Non-Retail,Público,Out 2020,MTH,1286.96511
GLOBO,BACINANTRAT (GLO),Non-Retail,Público,Nov 2020,MTH,0.0
HIPOLABOR,FOS CLINDAMICIN MG (HPO),Retail,Privado,Out 2020,MTH,0.0
ASTRAZENECA BRASIL,FASENRA (AZN),Non-Retail,Público,Jan 2020,MTH,16445.69361
BIOLAB-SANUS FARMA,DRENIFORMIO (BS2),Retail,Privado,Set 2020,MTH,86331.1
SUPERA RX,BENZETACIL (SP0),Non-Retail,Privado,Ago 2020,MTH,42217.96986
TEUTO BRASILEIRO,SULF SALBUTAMOL MG (TTB),Non-Retail,Público,Set 2020,MTH,0.0
ZYDUS BRASIL,LEMOL (ZY-),Non-Retail,Público,Jan 2020,MTH,0.0
P&G HEALTH,ALGINAC (PGH),Retail,Privado,Jun 2020,MTH,7703149.440000001
BIOLAB GENERICOS,IBANDRONA SODIO MG (BGN),Retail,Privado,Jul 2020,MTH,341126.52
ZODIAC,ELIGARD (ZD1),Retail,Privado,Jun 2020,MTH,33199.4
BIOLAB-SANUS FARMA,AGUD (BS2),Non-Retail,Público,Fev 2020,MTH,26.0601
LEGRAND,CENEVIT EFERVESCEN (LG6),Non-Retail,Privado,Abr 2020,MTH,2951.54371
FRESENIUS,GENTAMICIN (FRS),Retail,Privado,Mar 2020,MTH,1175.36
PRATI DONADUZZI,BENZOILMETRONID MG (PZ8),Non-Retail,Privado,Jan 2020,MTH,0.0
FQM GRUPO,SUSTRATE (FQM),Non-Retail,Público,Mai 2020,MTH,476758.32028
EMS PHARMA,RISPERIDONA MG (E3S),Non-Retail,Privado,Dez 2020,MTH,2421.61937
ACHE,MEFEX (A4H),Non-Retail,Público,Set 2020,MTH,296.63347
MEDLEY,ACICLOVIR MG (MD7),Non-Retail,Público,Mar 2020,MTH,0.0
PHARLAB,BROMAZEPAM MG (P7B),Non-Retail,Privado,Fev 2020,MTH,4903.64274
LEGRAND,OSTEOGLIC (LG6),Non-Retail,Público,Mar 2020,MTH,0.0
ACHE,DORENE TABS (A4H),Non-Retail,Público,Nov 2020,MTH,48.97026
MERCK,ZIMIEX (MCK),Retail,Privado,Jul 2020,MTH,282078.87
TEUTO BRASILEIRO,CARBAMAZEPINA MG (TTB),Non-Retail,Privado,Jul 2020,MTH,153394.4973
EUROFARMA,MELOXICAM MG (EUF),Non-Retail,Público,Mar 2020,MTH,8756.95082
BLAU FARMACEUTICA,ARICILINA (BU+),Retail,Privado,Abr 2020,MTH,440.22
ACHE,FLUNARIN (A4H),Retail,Privado,Set 2020,MTH,58943.78
BRISTOL M. SQUIBB,YERVOY (BMS),Retail,Privado,Set 2020,MTH,116018.46
PFIZER,VIAGRA (PFZ),Non-Retail,Privado,Jul 2020,MTH,18571.17175
PHARLAB,MAL.DEXCLO+BETA MG (P7B),Non-Retail,Privado,Nov 2020,MTH,5.44114
ACCORD FARMACEUTIC,CLO. TOPOTECANA MG (A1F),Retail,Privado,Jan 2020,MTH,6219.4
GERMED PHARMA,DIN.ISOSSORBIDA.MG (GM2),Non-Retail,Público,Nov 2020,MTH,32.64684
PHARLAB,FLUCONAZOL MG (P7B),Non-Retail,Privado,Abr 2020,MTH,20480.31594
MERCK,OVIDREL (MCK),Non-Retail,Privado,Fev 2020,MTH,77980.51571
HERBARIUM,PROSTATAL NF (HBA),Non-Retail,Privado,Nov 2020,MTH,288.38043
BLAU FARMACEUTICA,CEFTAZIDON (BU+),Non-Retail,Privado,Abr 2020,MTH,0.0
ZODIAC,LIBERFEM (ZD1),Non-Retail,Privado,Ago 2020,MTH,190.80951
MEDLEY,FLUXOCOR ANLO (MD7),Non-Retail,Público,Fev 2020,MTH,0.0
NOVARTIS,CLOPIDOGREL MG (NVR),Retail,Privado,Jan 2020,MTH,1131829.53
ACHE,OSTEOBAN (A4H),Non-Retail,Privado,Jan 2020,MTH,5600.55961
GERMED PHARMA,CLORTALIDONA MG (GM2),Non-Retail,Público,Jan 2020,MTH,45.533
FQM GRUPO,BELPELE (FQM),Non-Retail,Privado,Out 2020,MTH,314.71635
ABBVIE,MAVIRET (AB1),Non-Retail,Privado,Mai 2020,MTH,27214.7126
NEO QUIMICA,ACICLOVIR MG (N.Q),Non-Retail,Público,Jul 2020,MTH,1257.80845
EUROFARMA,DIENOGESTE MG (EUF),Non-Retail,Privado,Nov 2020,MTH,22602.49747
EMS PHARMA,QUINOFORM (E3S),Non-Retail,Privado,Mar 2020,MTH,734.61087
MEDLEY,ADAPALENO MG (MD7),Non-Retail,Privado,Mai 2020,MTH,1603.84471
MSD,ZEPATIER (MSD),Non-Retail,Público,Mai 2020,MTH,0.0
GREEN PHARMA,DEXAGREEN (GP8),Non-Retail,Público,Set 2020,MTH,73991.17649
BAYER CONSUM.CARE,AROVIT (BCN),Non-Retail,Público,Ago 2020,MTH,41460.1835
TEUTO BRASILEIRO,GLIMEPIRIDA MG (TTB),Retail,Privado,Dez 2020,MTH,52546.19
NEO QUIMICA,DICLOFENACO SOD.MG (N.Q),Retail,Privado,Mar 2020,MTH,177128.64
BAYER PHARMA,ASPIRINA PREVENT (BYP),Non-Retail,Privado,Abr 2020,MTH,1953.53971
MYLAN BRASIL,TILATIL (MYN),Retail,Privado,Set 2020,MTH,234002.96
MIDFARMA,IMIPENEM+CILAST.MG (M.F),Non-Retail,Público,Set 2020,MTH,8451.35749
MSD,JANUMET (MSD),Non-Retail,Privado,Nov 2020,MTH,28370.1063
RANBAXY,ACICLOVIR MG (RBY),Non-Retail,Público,Set 2020,MTH,80004.74612
TEUTO BRASILEIRO,CARBAMAZEPINA MG (TTB),Retail,Privado,Abr 2020,MTH,966957.59
MEDLEY,GLIMEPIRIDA MG (MD7),Retail,Privado,Mar 2020,MTH,566214.47
LIBBS,FAULDMETRO (LIB),Non-Retail,Público,Jan 2020,MTH,308424.01987
EUROFARMA,VARTAZ (EUF),Non-Retail,Privado,Dez 2020,MTH,26349.27988
MULTILAB,ARACOR HCT (MB9),Non-Retail,Privado,Ago 2020,MTH,0.0
SERVIER DO BRASIL,PROCORALAN (SVR),Non-Retail,Público,Dez 2020,MTH,23778.24147
EMS PHARMA,MALEATO TIMOLOL MG (E3S),Non-Retail,Privado,Abr 2020,MTH,6593.19657
MANTECORP FARMASA,M-LIX (MF+),Non-Retail,Privado,Dez 2020,MTH,30.91429
FARMO URUGUAI,CLORETO DE SODIO (FUG),Non-Retail,Público,Jul 2020,MTH,41629.23185
PHARMASCIENCE LAB,SOYNATI (PRM),Non-Retail,Público,Set 2020,MTH,122175.24027
FARMACE,MANITOL (FM/),Retail,Privado,Jul 2020,MTH,19968.96
CELLERA FARMA,ALENDRONATO SOD.MG (CLR),Non-Retail,Público,Ago 2020,MTH,19598.86386
TRB,ARTRODAR (TPQ),Non-Retail,Público,Out 2020,MTH,123835.26846
EUROFARMA,NOEX (EUF),Non-Retail,Privado,Jul 2020,MTH,99816.08507
NATCOFARMA D BRASI,LETROZOL MG (NCF),Non-Retail,Público,Mar 2020,MTH,0.0
DR. REDDYS,CL VALGANCICLOV MG (DRL),Non-Retail,Público,Ago 2020,MTH,43199.27601
PRATI DONADUZZI,DUZIMICIN (PZ8),Non-Retail,Privado,Ago 2020,MTH,0.0
MEDLEY,DICLOR CETIRIZI.MG (MD7),Non-Retail,Privado,Dez 2020,MTH,2967.77184
MEDQUIMICA,MONTELUCASTE SO MG (MDQ),Retail,Privado,Mai 2020,MTH,145619.86
GERMED PHARMA,OSTEOBLOCK (GM2),Retail,Privado,Set 2020,MTH,0.0
ACHE,CLOR.RANITIDINA MG (A4H),Non-Retail,Público,Nov 2020,MTH,0.0
ASPEN PHARMA,OSTRIOL (A3N),Non-Retail,Privado,Ago 2020,MTH,1120804.23487
GALDERMA,METVIX (GLD),Non-Retail,Público,Set 2020,MTH,0.0
EUROFARMA,ANASTROZOL MG (EUF),Retail,Privado,Ago 2020,MTH,1744469.58
EUROFARMA,FINASTERIDA MG (EUF),Non-Retail,Público,Jun 2020,MTH,52494.96135999999
AMGEN BERGAMO,ALFAESTRADIOL MG (AAI),Retail,Privado,Nov 2020,MTH,17645.6
GLOBO,NIMESULIDA MG (GLO),Non-Retail,Privado,Fev 2020,MTH,10745.44924
ACHE,SUCC.DESVENLAFA MG (A4H),Non-Retail,Público,Abr 2020,MTH,0.0
MEDLEY,CITALOPRAM MG (MD7),Retail,Privado,Fev 2020,MTH,717120.54
PHARLAB,CLO PROPRANOLOL MG (P7B),Non-Retail,Privado,Mar 2020,MTH,55611.50271
SANOFI,VALPAKINE (S.A),Non-Retail,Público,Jan 2020,MTH,128.32028
ACHE,NIMESULIDA MG (A4H),Non-Retail,Público,Jul 2020,MTH,5.2849
MULTILAB,DROXY (MB9),Non-Retail,Público,Mar 2020,MTH,204.32884
MANTECORP FARMASA,MIOFLEX-A (MF+),Retail,Privado,Mai 2020,MTH,2980989.89
LEGRAND,DOMPGRAN (LG6),Retail,Privado,Nov 2020,MTH,39444.02
BLAU FARMACEUTICA,CEVITON (BU+),Retail,Privado,Set 2020,MTH,0.0
THERASKIN,ALOXIDIL (TSK),Retail,Privado,Set 2020,MTH,1523851.92
FRESENIUS,CLOR.DOBUTAMINA MG (FRS),Non-Retail,Privado,Abr 2020,MTH,0.0
ABBOTT,SOF D (ABT),Non-Retail,Privado,Ago 2020,MTH,1073.98497
APSEN,FLANCOX (APS),Non-Retail,Público,Jan 2020,MTH,1457.05614
EUROFARMA,AGUA PARA INJECAO (EUF),Non-Retail,Privado,Jan 2020,MTH,55252.23209
MEDQUIMICA,BETAPRO (MDQ),Non-Retail,Privado,Mar 2020,MTH,0.0
PFIZER,DAUNOBLASTINA (PFZ),Retail,Privado,Mar 2020,MTH,0.0
GEOLAB,TIOCO+TINIDAZOL MG (GOB),Non-Retail,Público,Abr 2020,MTH,21.23412
BLAU FARMACEUTICA,OXANON (BU+),Non-Retail,Público,Ago 2020,MTH,21392.47338
LEGRAND,NORFLOXACINO MG (LG6),Non-Retail,Privado,Jan 2020,MTH,149.01709
TORRENT,ESPRAN (TNT),Non-Retail,Privado,Fev 2020,MTH,56.46355
LUNDBECK,EBIX (LUN),Non-Retail,Privado,Fev 2020,MTH,10289.39737
MUNDIPHARMA,NEVANAC UNO (MUN),Non-Retail,Privado,Abr 2020,MTH,286.66071
CRISTALIA,LEVOZINE (CT6),Retail,Privado,Mar 2020,MTH,9211.41
TEUTO BRASILEIRO,CLINDAMIN C (TTB),Retail,Privado,Dez 2020,MTH,544002.69
MEDLEY,PROP.CLOBETASOL MG (MD7),Non-Retail,Privado,Dez 2020,MTH,15318.03072
NEO QUIMICA,NEO LINCO (N.Q),Retail,Privado,Jun 2020,MTH,0.0
ACHE,VASOLEN (A4H),Non-Retail,Público,Jun 2020,MTH,0.0
HYPOFARMA,CLOR MOXIFLOXA MG (HYP),Non-Retail,Privado,Ago 2020,MTH,84763.04181000001
EUROFARMA,SPARK (EUF),Non-Retail,Privado,Out 2020,MTH,1017.20823
EUROFARMA,PANTOCAL (EUF),Retail,Privado,Nov 2020,MTH,1154009.35
SOBRAL,SULFAZINA (SOB),Non-Retail,Público,Dez 2020,MTH,97.89525
EMS PHARMA,DICL PRAMIPEXOL MG (E3S),Non-Retail,Público,Out 2020,MTH,989.10855
EMS PHARMA,ROSUVAST (E3S),Non-Retail,Público,Nov 2020,MTH,0.0
UNIAO QUIMICA F N,DIAZEPAM MG (U.Q),Non-Retail,Público,Jul 2020,MTH,264.24547
MEDLEY,SULF.HIDROXICLO MG (MD7),Non-Retail,Privado,Fev 2020,MTH,0.0
VITAMEDIC,ZICLOVIR (VI-),Non-Retail,Público,Jun 2020,MTH,0.0
EMS PHARMA,BUPIUM XL (E3S),Retail,Privado,Mar 2020,MTH,1340927.0
FQM GRUPO,BACTRIM (FQM),Non-Retail,Público,Jul 2020,MTH,998.84786
AMGEN BERGAMO,DACARBAZINA MG (AAI),Retail,Privado,Abr 2020,MTH,1850.52
EUROFARMA,TUNTA (EUF),Non-Retail,Privado,Dez 2020,MTH,278.2286
BAYER CONSUM.CARE,REDOXON EFERVESCEN (BCN),Retail,Privado,Set 2020,MTH,174661.7
NOVARTIS,EXJADE (NVR),Non-Retail,Privado,Abr 2020,MTH,86571.53773
EUROFARMA,RISPERIDONA MG (EUF),Non-Retail,Privado,Jul 2020,MTH,9127.038569999995
BAYER PHARMA,LEVITRA (BYP),Retail,Privado,Mar 2020,MTH,639334.55
FARMACE,SOL RINGER (FM/),Non-Retail,Público,Ago 2020,MTH,0.0
GERMED PHARMA,ESPIRONOLACTONA MG (GM2),Non-Retail,Privado,Dez 2020,MTH,65023.05683
ACHE,FOS.SOD.PREDNIS.MG (A4H),Non-Retail,Privado,Mar 2020,MTH,17309.57275
BIOGEN IDEC BRASIL,AVONEX (BGE),Non-Retail,Público,Nov 2020,MTH,0.0
GSK FARMA,LACIPIL (GSK),Retail,Privado,Set 2020,MTH,23315.76
ASPEN PHARMA,NAROPIN (A3N),Non-Retail,Privado,Dez 2020,MTH,340000.51521
EMS PHARMA,TENOXICAM MG (E3S),Non-Retail,Privado,Dez 2020,MTH,15081.02117
MULTILAB,MUSCUSAN (MB9),Retail,Privado,Mai 2020,MTH,69862.47
NOVARTIS,ACICLOVIR MG (NVR),Non-Retail,Privado,Jan 2020,MTH,0.0
NEO QUIMICA,GLIONIL (N.Q),Non-Retail,Privado,Mar 2020,MTH,763.8007
NOVARTIS,KISQALI (NVR),Non-Retail,Privado,Jan 2020,MTH,5252165.92221
VALEANT,OXIPELLE (VLT),Non-Retail,Privado,Ago 2020,MTH,169.0027
MANTECORP FARMASA,SOFTALM (MF+),Non-Retail,Público,Mai 2020,MTH,0.0
UNIAO QUIMICA F N,ACET.HIDROCORTI.MG (U.Q),Non-Retail,Privado,Jun 2020,MTH,2844.42693
SANOFI,ZOLBEN (S.A),Retail,Privado,Mar 2020,MTH,6.32
SANOFI,CALCORT (S.A),Retail,Privado,Ago 2020,MTH,316538.96
SUPERA RX,ASEA HCT (SP0),Non-Retail,Privado,Fev 2020,MTH,3505.08385
SANDOZ DO BRASIL,OX ESCITALOPRAM MG (SDZ),Retail,Privado,Mai 2020,MTH,633227.15
UNIAO QUIMICA F N,ACETILCIST.INJ MG (U.Q),Non-Retail,Privado,Jan 2020,MTH,278719.94302
UNIAO QUIMICA F N,OCTIFEN (U.Q),Retail,Privado,Mai 2020,MTH,892287.1
LEGRAND,CLO PIOGLITAZO MG (LG6),Retail,Privado,Set 2020,MTH,0.0
EQUIPLEX,SOL GLICOSE (EQX),Retail,Privado,Out 2020,MTH,6708.08
MEDLEY,CLO TICLOPIDINA MG (MD7),Retail,Privado,Set 2020,MTH,69220.08
MULTILAB,DIABEMED (MB9),Non-Retail,Público,Mai 2020,MTH,0.0
ACHE,KALIST (A4H),Non-Retail,Privado,Jul 2020,MTH,2605.46036
CIMED,ACICLOVIR MG (CM5),Non-Retail,Público,Mai 2020,MTH,114885.93005
EMS PHARMA,LOSARTAN POTAS.MG (E3S),Non-Retail,Público,Dez 2020,MTH,1442.66686
NOVA QUIMICA,CLOR.RANITIDINA MG (NQA),Non-Retail,Público,Ago 2020,MTH,0.0
BIOLAB-SANUS FARMA,MONESSA (BS2),Non-Retail,Privado,Mai 2020,MTH,1722.02273
SANDOZ DO BRASIL,FORASEQ (SDZ),Non-Retail,Público,Dez 2020,MTH,0.0
LATINOFARMA,PILOCAN (L3F),Non-Retail,Público,Out 2020,MTH,26076.49855
ALLERGAN,CROMOLERG (ALL),Non-Retail,Público,Jan 2020,MTH,37.25427
SANOBIOL,SOL CLORETO SODIO (SAO),Retail,Privado,Mar 2020,MTH,5317.7
GEOLAB,GLICAMIN (GOB),Retail,Privado,Jul 2020,MTH,51568.4
ACHE,CLO DORZOLAMIDA MG (A4H),Retail,Privado,Jul 2020,MTH,276126.24
GLOBO,BACINANTRAT (GLO),Non-Retail,Público,Abr 2020,MTH,15.92559
SUPERA RX,AVIANT (SP0),Non-Retail,Privado,Fev 2020,MTH,1111.89772
ORGANON,TIENAM (ORG),Non-Retail,Público,Fev 2020,MTH,0.0
GLOBO,PROSOLIN (GLO),Retail,Privado,Abr 2020,MTH,23994.94
NOVARTIS,AFINITOR (NVR),Retail,Privado,Ago 2020,MTH,630304.03
CIMED,SINVASTAMED (CM5),Retail,Privado,Mar 2020,MTH,433875.38
ACHE,BIOMATROP (A4H),Non-Retail,Privado,Jun 2020,MTH,0.0
BIOCHIMICO,CLORTAMINA (I.B),Non-Retail,Privado,Abr 2020,MTH,0.0
ABL ANTIBIOTICOS,KEFLIN (AB3),Non-Retail,Privado,Fev 2020,MTH,471731.30293
GEOLAB,VITAUM (GOB),Retail,Privado,Mar 2020,MTH,52430.84
PFIZER,GELFOAM (PFZ),Retail,Privado,Out 2020,MTH,136860.84
NATCOFARMA D BRASI,LETROZOL MG (NCF),Retail,Privado,Nov 2020,MTH,30597.42
ASPEN PHARMA,AGRASTAT (A3N),Non-Retail,Privado,Jul 2020,MTH,964126.03448
EUROFARMA,MONTELUCASTE SO MG (EUF),Non-Retail,Privado,Mar 2020,MTH,37941.92189
PHARLAB,CLOR NEBIVOLOL MG (P7B),Non-Retail,Privado,Fev 2020,MTH,0.0
TEUTO BRASILEIRO,HELMIZOL (TTB),Non-Retail,Privado,Nov 2020,MTH,17863.26409
NOVARTIS,MALEATO TIMOLOL MG (NVR),Retail,Privado,Jul 2020,MTH,32414.14
NEO QUIMICA,TAR BRIMONIDINA MG (N.Q),Retail,Privado,Abr 2020,MTH,77772.48999999999
MANTECORP FARMASA,MILGAMMA (MF+),Retail,Privado,Abr 2020,MTH,2395615.96
CIMED,AC DEXAMETASONA MG (CM5),Non-Retail,Público,Jun 2020,MTH,0.0
CIFARMA,PIROXIN (CF2),Retail,Privado,Fev 2020,MTH,0.0
ASPEN PHARMA,ENABLEX (A3N),Non-Retail,Privado,Out 2020,MTH,685.6320499999998
SANOFI,DAONIL (S.A),Retail,Privado,Ago 2020,MTH,236266.14
TEUTO BRASILEIRO,METRONIDAZOL MG (TTB),Retail,Privado,Jul 2020,MTH,364679.11
MULTILAB,DIGESIGMA (MB9),Non-Retail,Privado,Jun 2020,MTH,7077.39016
HEBRON/QUEZALON,PROSTOKOS (HBR),Non-Retail,Público,Jan 2020,MTH,247397.3748000001
SANDOZ DO BRASIL,TENOXICAM MG (SDZ),Non-Retail,Privado,Nov 2020,MTH,0.0
ALLERGAN,FENILEFRINA (ALL),Non-Retail,Público,Out 2020,MTH,0.0
UNIAO QUIMICA F N,DIAMOX (U.Q),Non-Retail,Público,Mar 2020,MTH,5599.58355
JANSSEN CILAG,RIBOMUSTIN (J-C),Non-Retail,Privado,Abr 2020,MTH,1094544.9526
ACHE,DUTASTERIDA MG (A4H),Non-Retail,Privado,Abr 2020,MTH,169.873
CELLERA FARMA,DERMOSALIC (CLR),Retail,Privado,Jan 2020,MTH,502803.74
VITAMEDIC,ALGY-FLANDERIL (VI-),Retail,Privado,Abr 2020,MTH,497368.75
SANDOZ DO BRASIL,DIASEC (SDZ),Non-Retail,Privado,Jul 2020,MTH,988.27805
PHARLAB,HIDROLESS (P7B),Non-Retail,Privado,Set 2020,MTH,8316.52406
ABL ANTIBIOTICOS,CLOR.CEFEPIMA MG (AB3),Retail,Privado,Mar 2020,MTH,0.0
NOVARTIS,DIOVAN (NVR),Retail,Privado,Ago 2020,MTH,12903100.43
MERCK,PERGOVERIS PEN (MCK),Non-Retail,Privado,Mai 2020,MTH,41306.03604
ALLERGAN,BOTOX (ALL),Non-Retail,Público,Fev 2020,MTH,366782.92366
ORGANON,PROPECIA (ORG),Retail,Privado,Abr 2020,MTH,10661.88
UNIAO QUIMICA F N,SUCCINIL COLIN (U.Q),Retail,Privado,Jun 2020,MTH,0.0
JANSSEN CILAG,DACOGEN (J-C),Retail,Privado,Nov 2020,MTH,24490.3
MOKSHA8,LISODREN (MA8),Non-Retail,Privado,Dez 2020,MTH,143380.47761
ACHE,VASOLEN (A4H),Non-Retail,Privado,Out 2020,MTH,0.0
PRATI DONADUZZI,FOS.SOD.PREDNIS.MG (PZ8),Non-Retail,Privado,Set 2020,MTH,126797.32913
TEUTO BRASILEIRO,CARDCOR (TTB),Retail,Privado,Fev 2020,MTH,116.2
APSEN,RETEMIC UD (APS),Non-Retail,Privado,Nov 2020,MTH,3052.479779999999
NOVA QUIMICA,BROM PINAVERIO MG (NQA),Retail,Privado,Jan 2020,MTH,0.0
EMS PHARMA,ARTEMIDIS 35 (E3S),Non-Retail,Público,Jul 2020,MTH,0.0
EQUIPLEX,CLORETO DE POTASIO (EQX),Retail,Privado,Jun 2020,MTH,54.41
SUPERA RX,TAM (SP0),Non-Retail,Privado,Jan 2020,MTH,0.0
NOVARTIS,BETOPTIC (NVR),Non-Retail,Público,Jun 2020,MTH,41.44884
GLENMARK,PEMEGLENN (GMK),Retail,Privado,Abr 2020,MTH,0.0
MYLAN BRASIL,AC ZOLEDRONICO MG (MYN),Non-Retail,Público,Dez 2020,MTH,0.0
KLEY HERTZ,HEDERAFLUX (KLH),Retail,Privado,Mai 2020,MTH,242838.14
VITAMEDIC,SECDAZOL (VI-),Non-Retail,Privado,Jun 2020,MTH,0.0
ABBOTT,FENOFIBRATO MG (ABT),Non-Retail,Público,Out 2020,MTH,3225.8427
GEOLAB,TIOCO+TINIDAZOL MG (GOB),Retail,Privado,Jul 2020,MTH,133217.76
ACHE,SOMALIUM (A4H),Retail,Privado,Set 2020,MTH,772465.72
NOVARTIS,LESCOL (NVR),Retail,Privado,Jul 2020,MTH,0.0
MERCK,ELPENZO (MCK),Non-Retail,Privado,Nov 2020,MTH,0.0
LEGRAND,DESONIDA MG (LG6),Non-Retail,Público,Nov 2020,MTH,0.0
GERMED PHARMA,AZITROMICINA MG (GM2),Non-Retail,Público,Jan 2020,MTH,0.0
MEDLEY,RISPERIDONA MG (MD7),Retail,Privado,Jun 2020,MTH,265253.48
GERMED PHARMA,ESTRAD+AC NORET MG (GM2),Retail,Privado,Jan 2020,MTH,4533.75
TEUTO BRASILEIRO,ALBENDAZOL MG (TTB),Non-Retail,Privado,Out 2020,MTH,2618.88972
BLAU FARMACEUTICA,PACLITAXEL MG (BU+),Retail,Privado,Set 2020,MTH,0.0
MERCK,FLOXOCIP (MCK),Non-Retail,Privado,Nov 2020,MTH,5.44114
TEUTO BRASILEIRO,DICLOFEN.POTASI MG (TTB),Retail,Privado,Set 2020,MTH,146259.78
GSK FARMA,CLINDOXYL (GSK),Non-Retail,Público,Abr 2020,MTH,222.95833
NOVARTIS,MYFORTIC (NVR),Non-Retail,Privado,Set 2020,MTH,18623.18917
PFIZER,VIBRAMICINA (PFZ),Non-Retail,Público,Fev 2020,MTH,4.34335
FARMACE,CPHD BAS BIC SODIO (FM/),Non-Retail,Público,Out 2020,MTH,0.0
FQM GRUPO,ALENDIL CALCIO D (FQM),Retail,Privado,Abr 2020,MTH,65784.58
SUPERA RX,OVESTRION (SP0),Non-Retail,Privado,Set 2020,MTH,911.47374
MEDQUIMICA,NIFEDIPRESS (MDQ),Non-Retail,Público,Set 2020,MTH,46857.30309999999
EMS PHARMA,DICL PRAMIPEXOL MG (E3S),Non-Retail,Privado,Set 2020,MTH,16789.45491
THERASKIN,HIXIZINE (TSK),Non-Retail,Público,Jan 2020,MTH,45.53299
PHARLAB,DESONIDA MG (P7B),Non-Retail,Privado,Nov 2020,MTH,27.2057
MYRALIS,BETRAT (MYL),Retail,Privado,Ago 2020,MTH,987460.1800000002
ACHE,BETALOR (A4H),Retail,Privado,Dez 2020,MTH,949267.84
GEOLAB,AZITROMICINA MG (GOB),Non-Retail,Privado,Jun 2020,MTH,88969.94436000001
THERASKIN,MICOLAMINA (TSK),Non-Retail,Privado,Abr 2020,MTH,1406.76091
LIBBS,DIMINUT (LIB),Retail,Privado,Abr 2020,MTH,2094543.5
ROCHE,PERJETA HER (ROC),Non-Retail,Público,Fev 2020,MTH,562954.6945100001
TORRENT,SERENATA (TNT),Non-Retail,Privado,Mar 2020,MTH,23765.39154
HERBARIUM,GAMALINE V (HBA),Retail,Privado,Jan 2020,MTH,942936.72
EUROFARMA,CARBOLITIUM (EUF),Non-Retail,Privado,Jul 2020,MTH,166331.9557
GERMED PHARMA,CANDESARTA CILE MG (GM2),Non-Retail,Privado,Dez 2020,MTH,0.0
CAZI,RELAPAX (CAZ),Non-Retail,Privado,Nov 2020,MTH,10.88228
TAKEDA PHARMA,VPRIV (TAK),Retail,Privado,Nov 2020,MTH,0.0
FQM GRUPO,ROACUTAN (FQM),Non-Retail,Privado,Fev 2020,MTH,134.64385
GILEAD,VEMLIDY (GS-),Retail,Privado,Fev 2020,MTH,0.0
SANOFI,DACTIL-OB (S.A),Retail,Privado,Set 2020,MTH,556.85
NOVA QUIMICA,LANSOPRAZOL MG (NQA),Non-Retail,Privado,Jun 2020,MTH,40236.46563
NEO QUIMICA,ACEBROFILINA MG (N.Q),Non-Retail,Público,Out 2020,MTH,54119.97437
SANDOZ DO BRASIL,MIRTAZAPINA MG (SDZ),Retail,Privado,Jul 2020,MTH,1568932.21
GEOLAB,GINO-MIZONOL (GOB),Non-Retail,Público,Jul 2020,MTH,36.99435
FQM GRUPO,EXFORGE HCT (FQM),Non-Retail,Público,Ago 2020,MTH,4786.593150000001
ASPEN PHARMA,FLORINEFE (A3N),Non-Retail,Público,Out 2020,MTH,5400.75756
TEUTO BRASILEIRO,BUTILB ESCOPOLA MG (TTB),Non-Retail,Público,Set 2020,MTH,11007.79876
EMS PHARMA,ARPEJO (E3S),Non-Retail,Público,Jul 2020,MTH,58.134
PRATI DONADUZZI,CLOR.MEMANTINA MG (PZ8),Non-Retail,Privado,Out 2020,MTH,15100.76542
J.P.,METRONIDAZOL MG (JPI),Non-Retail,Privado,Mar 2020,MTH,116.75934
PRATI DONADUZZI,ARIPIPRAZOL MG (PZ8),Retail,Privado,Jan 2020,MTH,0.0
TEUTO BRASILEIRO,DILABRONCO (TTB),Non-Retail,Público,Set 2020,MTH,0.0
MYLAN BRASIL,ZOTEON PO (MYN),Non-Retail,Público,Abr 2020,MTH,25486.26151
EUROFARMA,CETOPROFENO MG (EUF),Retail,Privado,Mar 2020,MTH,3421482.35
CRISTALIA,ENFLURAN (CT6),Non-Retail,Privado,Nov 2020,MTH,0.0
HYPOFARMA,NITROP (HYP),Non-Retail,Público,Ago 2020,MTH,195132.72162
NOVARTIS,MERIMONO (NVR),Retail,Privado,Jun 2020,MTH,0.0
BIOCHIMICO,CLOR.CEFEPIMA MG (I.B),Retail,Privado,Jun 2020,MTH,0.0
ACHE,PROSTAVASIN (A4H),Retail,Privado,Abr 2020,MTH,15978.75
FRESENIUS,FRESENIZOL (FRS),Non-Retail,Público,Dez 2020,MTH,154.57145
MANTECORP FARMASA,DIPROSPAN (MF+),Non-Retail,Público,Set 2020,MTH,80.90003
GEOLAB,CLOR.TANSULOSI MG (GOB),Retail,Privado,Fev 2020,MTH,612028.82
HYPOFARMA,CLO ROPIVACAINA MG (HYP),Retail,Privado,Mar 2020,MTH,0.0
BIOLAB GENERICOS,NORETISTERONA MG (BGN),Retail,Privado,Mar 2020,MTH,20755.84
CRISTALIA,NOVABUPI (CT6),Retail,Privado,Mar 2020,MTH,0.0
GERMED PHARMA,CICLOPIROX OLAM.MG (GM2),Retail,Privado,Nov 2020,MTH,163422.69
FARMACE,CLOR.RANITIDINA MG (FM/),Non-Retail,Público,Mai 2020,MTH,0.0
MSD,DILENA (MSD),Retail,Privado,Fev 2020,MTH,0.0
ISOFARMA,AGUA PARA INJECAO (IS5),Non-Retail,Privado,Jun 2020,MTH,399717.11159
MARJAN,MONALESS (MJA),Retail,Privado,Jul 2020,MTH,406604.08
UNITED MEDICAL,CRESEMBA (UTM),Retail,Privado,Fev 2020,MTH,0.0
ZYDUS BRASIL,TOPIRAMATO MG (ZY-),Retail,Privado,Fev 2020,MTH,304200.39
GEOLAB,BETOGENTA (GOB),Non-Retail,Privado,Dez 2020,MTH,68609.11454
ASTRAZENECA BRASIL,ZOLADEX (AZN),Retail,Privado,Jan 2020,MTH,174933.92
SANOBIOL,SOL GLICOSE (SAO),Retail,Privado,Mai 2020,MTH,54.17999999999999
FRESENIUS,CLOR.CEFEPIMA MG (FRS),Retail,Privado,Mar 2020,MTH,0.0
PFIZER,VYNDAQEL (PFZ),Retail,Privado,Out 2020,MTH,755112.1699999999
ROCHE,MABTHERA (ROC),Non-Retail,Privado,Set 2020,MTH,3994959.388143995
ABL ANTIBIOTICOS,KEROXIME (AB3),Non-Retail,Público,Ago 2020,MTH,9033.46799
EUROFARMA,PANTOPRAZOL MG (EUF),Non-Retail,Público,Dez 2020,MTH,12633.63987
ACHE,CIPIDE (A4H),Non-Retail,Público,Mar 2020,MTH,9.72994
TEUTO BRASILEIRO,CLONAZEPAM MG (TTB),Retail,Privado,Dez 2020,MTH,355014.0
UNIAO QUIMICA F N,SETH (U.Q),Non-Retail,Privado,Fev 2020,MTH,104.2404
UNIAO QUIMICA F N,DIAMOX (U.Q),Retail,Privado,Jul 2020,MTH,520209.9
GERMED PHARMA,INDAPAMIDA MG (GM2),Non-Retail,Privado,Abr 2020,MTH,4931.62608
CRISTALIA,QUERA LP (CT6),Non-Retail,Privado,Set 2020,MTH,64.72003
CHRON EPIGEN,ERITROPOETINA (CPG),Non-Retail,Privado,Nov 2020,MTH,25388.36139
EUROFARMA,ROX (EUF),Non-Retail,Privado,Dez 2020,MTH,46.37143
MEDLEY,DIP.BET+SUL.GEN.MG (MD7),Non-Retail,Privado,Out 2020,MTH,11841.20308
SANDOZ DO BRASIL,DESFERAL (SDZ),Retail,Privado,Dez 2020,MTH,8352.37
LIBBS,EBATZ (LIB),Retail,Privado,Ago 2020,MTH,286560.88
ABL ANTIBIOTICOS,BROM.ROCURONIO MG (AB3),Non-Retail,Público,Mar 2020,MTH,0.0
ACHE,TANISEA (A4H),Non-Retail,Público,Ago 2020,MTH,0.0
CRISTALIA,ALZ (CT6),Non-Retail,Privado,Fev 2020,MTH,0.0
SUPERA RX,ALEVO (SP0),Non-Retail,Público,Jun 2020,MTH,0.0
GERMED PHARMA,DERMATOL (GM2),Retail,Privado,Dez 2020,MTH,0.0
ACHE,CET+D.BET+S.NEO MG (A4H),Non-Retail,Privado,Ago 2020,MTH,92.6789
SANOFI,AMARYL (S.A),Non-Retail,Privado,Jul 2020,MTH,3186.800309999999
EMS PHARMA,CLO (E3S),Non-Retail,Público,Nov 2020,MTH,1569475.20199
ABL ANTIBIOTICOS,CEFALOTINA SODI.MG (AB3),Retail,Privado,Jun 2020,MTH,0.0
FRESENIUS,CEFTAFOR (FRS),Non-Retail,Privado,Abr 2020,MTH,0.0
BRACE PHARMA,CLAZI XR (B3H),Non-Retail,Público,Ago 2020,MTH,0.0
TEUTO BRASILEIRO,PROPRATEC (TTB),Non-Retail,Privado,Abr 2020,MTH,0.0
PHARLAB,CEFALEXINA MG (P7B),Retail,Privado,Jun 2020,MTH,334198.74
RANBAXY,DIVALPRO SODIO MG (RBY),Non-Retail,Privado,Jun 2020,MTH,4802.88482
HIPOLABOR,DIPIRONA SO.INJ MG (HPO),Non-Retail,Público,Out 2020,MTH,0.0
LILLY,TRULICITY (LLY),Non-Retail,Privado,Jan 2020,MTH,19322.55165
CHEMICALTECH,VILNE (CCH),Retail,Privado,Mai 2020,MTH,5415.81
PHARMASCIENCE LAB,KAOSEC (PRM),Retail,Privado,Abr 2020,MTH,519580.2
ACHE,MIRTAX (A4H),Non-Retail,Privado,Fev 2020,MTH,1441.99233
BELFAR,ACICLOFAR (BLF),Retail,Privado,Mai 2020,MTH,33.08
ELOFAR,ACLAF (ELO),Non-Retail,Privado,Jul 2020,MTH,0.0
PRATI DONADUZZI,PROP.CLOBETASOL MG (PZ8),Non-Retail,Privado,Out 2020,MTH,483.3144
SANDOZ DO BRASIL,TADALAFILA MG (SDZ),Non-Retail,Privado,Fev 2020,MTH,10228.59049
NEO QUIMICA,BECLONATO (N.Q),Retail,Privado,Out 2020,MTH,461605.28
GSK CONSUMO,OTRIVINA (GKC),Non-Retail,Público,Nov 2020,MTH,5.44114
UNIAO QUIMICA F N,DEMEDROX (U.Q),Non-Retail,Privado,Ago 2020,MTH,125187.40217
BLAU FARMACEUTICA,CEFTRIAXONA DIS.MG (BU+),Retail,Privado,Ago 2020,MTH,212034.42
LEGRAND,DOMPGRAN (LG6),Non-Retail,Privado,Nov 2020,MTH,832.49449
ACCORD FARMACEUTIC,SUC METOPROLOL MG (A1F),Non-Retail,Público,Out 2020,MTH,0.0
NOVA QUIMICA,DOMPERIDONA MG (NQA),Retail,Privado,Jun 2020,MTH,416561.05
LILLY,ALIMTA (LLY),Non-Retail,Público,Dez 2020,MTH,0.0
FARMACE,AMINOFILINA MG (FM/),Non-Retail,Privado,Jun 2020,MTH,38619.96071
ALLERGAN,FENILEFRINA (ALL),Non-Retail,Privado,Nov 2020,MTH,0.0
GERMED PHARMA,AMOXICILINA MG (GM2),Retail,Privado,Mar 2020,MTH,2011600.74
HIPOLABOR,CLOR NALOXONA MG (HPO),Non-Retail,Privado,Ago 2020,MTH,9420.53871
VITAMEDIC,VITDERA D3 ET (VI-),Non-Retail,Público,Mar 2020,MTH,0.0
PHARLAB,CAPTOPRIL MG (P7B),Non-Retail,Privado,Ago 2020,MTH,28081.71005
GERMED PHARMA,ESOMEPRAZOL MAG MG (GM2),Non-Retail,Público,Abr 2020,MTH,0.0
ACHE,DEXTROVITASE B12 (A4H),Retail,Privado,Fev 2020,MTH,0.0
EMS PHARMA,TRINULOX (E3S),Non-Retail,Privado,Nov 2020,MTH,9745.08256
UNIAO QUIMICA F N,UNITIDAZIN (U.Q),Non-Retail,Público,Jan 2020,MTH,95006.68505
GEOLAB,BESILAPIN (GOB),Non-Retail,Privado,Mar 2020,MTH,229198.59297
BAYER PHARMA,ADEMPAS (BYP),Retail,Privado,Fev 2020,MTH,188579.37
GERMED PHARMA,BROM PINAVERIO MG (GM2),Non-Retail,Privado,Nov 2020,MTH,0.0
TEUTO BRASILEIRO,OXACILINA SODIC.MG (TTB),Retail,Privado,Set 2020,MTH,0.0
SUN PHARMA,CLONAZEPAM MG (SPI),Non-Retail,Público,Abr 2020,MTH,0.0
EMS PHARMA,ALBENDAZOL SUSP MG (E3S),Non-Retail,Público,Jun 2020,MTH,1326.36301
NEO QUIMICA,TIBOLONA MG (N.Q),Non-Retail,Privado,Ago 2020,MTH,5348.118330000001
ACHE,GABAPENTINA MG (A4H),Non-Retail,Privado,Fev 2020,MTH,8699.73112
NOVA QUIMICA,FENOFIBRATO MG (NQA),Non-Retail,Público,Jul 2020,MTH,332.94929
CIMED,ATENOLOL MG (CM5),Retail,Privado,Out 2020,MTH,26979.91
ASTELLAS,MYRBETRIC (AES),Retail,Privado,Mar 2020,MTH,3089681.34
TEUTO BRASILEIRO,DIURIX (TTB),Retail,Privado,Abr 2020,MTH,277650.8100000001
EMS PHARMA,FLUCOCIN (E3S),Retail,Privado,Fev 2020,MTH,72618.06
ELOFAR,BACFAR (ELO),Non-Retail,Público,Fev 2020,MTH,0.0
EUROFARMA,ALGIE (EUF),Non-Retail,Privado,Nov 2020,MTH,3221.15514
EMS PHARMA,TRINULOX (E3S),Retail,Privado,Dez 2020,MTH,145804.05
AUROBINDO PHARMA,FINASTERIDA MG (AOB),Non-Retail,Privado,Fev 2020,MTH,1311.69184
OPEMPHARMA,ALPROXY (OPE),Non-Retail,Público,Fev 2020,MTH,0.0
EUROFARMA,FORFIG (EUF),Non-Retail,Privado,Jan 2020,MTH,17724.75708
NEO QUIMICA,QUADRILON (N.Q),Retail,Privado,Mar 2020,MTH,293732.36
FQM GRUPO,JUNNO (FQM),Retail,Privado,Abr 2020,MTH,0.0
HYPOFARMA,CLOR. LIDOCAINA MG (HYP),Non-Retail,Privado,Jan 2020,MTH,169213.06547
NOVA QUIMICA,MAL.DEXCLO+BETA.MG (NQA),Non-Retail,Privado,Nov 2020,MTH,20491.33496
ACHE,BIOMAG (A4H),Non-Retail,Privado,Fev 2020,MTH,2979.53841
NOVARTIS,KISQALI (NVR),Non-Retail,Público,Dez 2020,MTH,701774.99547
EUROFARMA,GAZIA (EUF),Retail,Privado,Out 2020,MTH,2011046.18
BRASTERAPICA,AMOXI+CLAVU.POT.MG (BRT),Retail,Privado,Ago 2020,MTH,0.0
BIOLAB GENERICOS,MON ISOSSORBIDA MG (BGN),Non-Retail,Público,Nov 2020,MTH,255.73359
MERCK,ROXFLAN (MCK),Non-Retail,Público,Set 2020,MTH,0.0
OCTAPHARMA,OCTALBIN (OCT),Non-Retail,Privado,Fev 2020,MTH,411046.0090900001
DR. REDDYS,EXFUNO (DRL),Non-Retail,Público,Out 2020,MTH,154615.65263
SANOFI,ACTONEL (S.A),Non-Retail,Público,Abr 2020,MTH,31.85119
DIFFUCAP-CHEMOBRAS,CORDIRON (DFP),Retail,Privado,Fev 2020,MTH,0.0
MULTILAB,LOZEPREL (MB9),Non-Retail,Privado,Mai 2020,MTH,3235.82704
MEDQUIMICA,AZITROMICINA MG (MDQ),Non-Retail,Privado,Nov 2020,MTH,1054498.46285
ACHE,BETALOR (A4H),Retail,Privado,Mai 2020,MTH,845147.16
TEUTO BRASILEIRO,CLOR.CIPROFLOXA.MG (TTB),Non-Retail,Público,Fev 2020,MTH,225.85422
LEGRAND,ACEBROFILINA MG (LG6),Retail,Privado,Mai 2020,MTH,17044.8
EQUIPLEX,METRONIDAZOL MG (EQX),Non-Retail,Privado,Jan 2020,MTH,0.0
ISOFARMA,METRONIDAZOL MG (IS5),Non-Retail,Público,Mai 2020,MTH,928.54168
BAYER PHARMA,FEMIANE (BYP),Non-Retail,Público,Dez 2020,MTH,0.0
PRATI DONADUZZI,PREDNISOLONA MG (PZ8),Non-Retail,Privado,Fev 2020,MTH,251.91433
CRISTALIA,TOBRAMICINA MG (CT6),Retail,Privado,Out 2020,MTH,26.15
CRISTALIA,KETAMIN NP (CT6),Non-Retail,Público,Set 2020,MTH,65998.25255
SINTERAPICO,MURAZYME (SNR),Retail,Privado,Fev 2020,MTH,0.0
CIFARMA,ACICLOVIR MG (CF2),Non-Retail,Público,Fev 2020,MTH,0.0
ELOFAR,CIPROFAR (ELO),Non-Retail,Privado,Fev 2020,MTH,825.23659
PHARLAB,FLUCONAZOL MG (P7B),Retail,Privado,Jun 2020,MTH,169325.36
EMS PHARMA,CLOR.CICLOBENZA.MG (E3S),Non-Retail,Público,Dez 2020,MTH,66.98095
NOVA QUIMICA,RISPERIDONA MG (NQA),Non-Retail,Privado,Jun 2020,MTH,62.17326
MULTILAB,OSKIN (MB9),Retail,Privado,Mar 2020,MTH,56520.26
TEUTO BRASILEIRO,FENITOINA MG (TTB),Non-Retail,Público,Dez 2020,MTH,473709.97241
EMS PHARMA,ALLEXOFEDRIN D (E3S),Non-Retail,Privado,Dez 2020,MTH,50359.37861
MEDQUIMICA,MONTELUCASTE SO MG (MDQ),Retail,Privado,Fev 2020,MTH,60118.9
ASTELLAS,XTANDI (AES),Non-Retail,Público,Fev 2020,MTH,820450.2317100005
MEDLEY,OXALIPLATINA MG (MD7),Retail,Privado,Dez 2020,MTH,533504.3
SANDOZ DO BRASIL,CAND CILE+HIDRO MG (SDZ),Non-Retail,Público,Out 2020,MTH,0.0
NEO QUIMICA,SULF SALBUTAMOL MG (N.Q),Retail,Privado,Ago 2020,MTH,37.06
ALTHAIA S/A,PREDNISOLONA MG (AH/),Non-Retail,Público,Out 2020,MTH,39.33954
EUROFARMA,CITALOPRAM MG (EUF),Non-Retail,Público,Jan 2020,MTH,2433.94609
NEO QUIMICA,TENSALIV (N.Q),Non-Retail,Privado,Abr 2020,MTH,7761.07357
FARMACE,ATROFARMA (FM/),Non-Retail,Privado,Jul 2020,MTH,3107.52676
LILLY,FORTEO (LLY),Retail,Privado,Nov 2020,MTH,1115979.09
NOVA QUIMICA,GLIMEPIRIDA MG (NQA),Non-Retail,Público,Abr 2020,MTH,0.0
BOEHRINGER ING,OFEV (B.I),Non-Retail,Público,Jan 2020,MTH,2780158.37205
ZAMBON,URSACOL (ZAM),Non-Retail,Privado,Dez 2020,MTH,205404.8483
GERMED PHARMA,BETAMETASONA MG (GM2),Non-Retail,Público,Set 2020,MTH,0.0
ABL ANTIBIOTICOS,AZITROMICINA MG (AB3),Retail,Privado,Abr 2020,MTH,0.0
LIBBS,ZOLIBBS (LIB),Retail,Privado,Abr 2020,MTH,0.0
PFIZER,ECALTA (PFZ),Non-Retail,Público,Nov 2020,MTH,0.0
HEBRON/QUEZALON,NERGICLIN CAFF (HBR),Non-Retail,Privado,Nov 2020,MTH,212.20447
NOVA QUIMICA,ROSUVASTATI CAL MG (NQA),Retail,Privado,Jul 2020,MTH,1107618.3
ACHE,CLO TERBINAFINA MG (A4H),Retail,Privado,Ago 2020,MTH,184946.35
DERMALIS,SYNOLIS (DE+),Non-Retail,Privado,Mai 2020,MTH,532926.6508099999
EMS PHARMA,DEPOSTERON (E3S),Non-Retail,Privado,Nov 2020,MTH,4216.88384
MSD,ONICIT (MSD),Non-Retail,Público,Mar 2020,MTH,63.24464
CIMED,CAPTOPRIL MG (CM5),Non-Retail,Privado,Set 2020,MTH,8472.93081
BLAU FARMACEUTICA,CILINON (BU+),Non-Retail,Público,Nov 2020,MTH,137862.17588
LEGRAND,CLOR.AMILO+HCT MG (LG6),Non-Retail,Privado,Set 2020,MTH,312.81348
NEO QUIMICA,VERTIGIUM (N.Q),Non-Retail,Privado,Fev 2020,MTH,14793.45195
GERMED PHARMA,CLO HIDROXIZINA MG (GM2),Non-Retail,Privado,Fev 2020,MTH,53405.83829
BELFAR,BELFAREN (BLF),Non-Retail,Público,Jun 2020,MTH,74934.32946
VITAMEDIC,CAPTOPRIL MG (VI-),Retail,Privado,Mai 2020,MTH,164.08
TEUTO BRASILEIRO,DICLOFENACO SOD.MG (TTB),Non-Retail,Público,Nov 2020,MTH,5500.993
VITAMEDIC,NIMELIT (VI-),Retail,Privado,Fev 2020,MTH,593638.05
CIFARMA,ACICLOVIR MG (CF2),Retail,Privado,Set 2020,MTH,19142.34
ORGANON,ORGALUTRAN (ORG),Retail,Privado,Fev 2020,MTH,1302867.93
MEDLEY,FLUXOCOR ANLO (MD7),Non-Retail,Privado,Jun 2020,MTH,0.0
GEOLAB,AMIORON (GOB),Non-Retail,Privado,Set 2020,MTH,1783225.64633
GERMED PHARMA,CLOR.BUPROPIONA MG (GM2),Retail,Privado,Ago 2020,MTH,9998.910000000002
HIPOLABOR,EFEDRINA MG (HPO),Retail,Privado,Dez 2020,MTH,0.0
ISOFARMA,AGUA PARA INJECAO (IS5),Non-Retail,Público,Set 2020,MTH,20284.33665
EMS PHARMA,BEDECI (E3S),Non-Retail,Público,Mar 2020,MTH,2607.62535
EUROFARMA,VAST (EUF),Non-Retail,Privado,Ago 2020,MTH,2714.94686
NEO QUIMICA,HEM ZOLPIDEM MG (N.Q),Retail,Privado,Jan 2020,MTH,81214.7
ACHE,OXOTRON (A4H),Non-Retail,Privado,Out 2020,MTH,1286.96511
GSK FARMA,ANTAK IV (GSK),Non-Retail,Privado,Jul 2020,MTH,0.0
EUROFARMA,CLO HIDROXIZINA MG (EUF),Non-Retail,Privado,Set 2020,MTH,2427.00117
ACHE,OLANZAPINA MG (A4H),Retail,Privado,Jun 2020,MTH,354320.45
EXELTIS L F LTDA,DIVA 20 24+4 (EEL),Non-Retail,Privado,Out 2020,MTH,174.21798
EMS PHARMA,CLO DOR+MAL TIM MG (E3S),Non-Retail,Público,Out 2020,MTH,39.33954
SERVIER DO BRASIL,ACERTIL (SVR),Non-Retail,Público,Jan 2020,MTH,550.53542
BRACE PHARMA,SIGMATRIOL (B3H),Non-Retail,Público,Jun 2020,MTH,22802.0455
ACHE,HE RIVASTIGMINA MG (A4H),Retail,Privado,Abr 2020,MTH,823101.46
MULTILAB,GINKOLAB (MB9),Retail,Privado,Set 2020,MTH,0.0
TEUTO BRASILEIRO,VALSARTANA MG (TTB),Retail,Privado,Mai 2020,MTH,72209.92
LEGRAND,INDATRAT (LG6),Non-Retail,Público,Jul 2020,MTH,0.0
MULTILAB,CARDBET (MB9),Non-Retail,Privado,Abr 2020,MTH,116416.10388
SANOFI,ANTIETANOL (S.A),Non-Retail,Privado,Mai 2020,MTH,0.0
VALEANT,CLOBESOL (VLT),Non-Retail,Público,Jun 2020,MTH,15.54331
UNIAO QUIMICA F N,SCALID (U.Q),Retail,Privado,Jan 2020,MTH,599740.89
TRB,ARTRODAR (TPQ),Retail,Privado,Dez 2020,MTH,2722574.4
NOVARTIS,PASURTA (NVR),Retail,Privado,Ago 2020,MTH,482356.8
PRATI DONADUZZI,ORLISTATE MG (PZ8),Non-Retail,Público,Ago 2020,MTH,0.0
BAXTER,CERNE-12 (BAX),Retail,Privado,Jun 2020,MTH,72531.0
ABL ANTIBIOTICOS,KEFLIN (AB3),Non-Retail,Privado,Mar 2020,MTH,231524.04997
ACHE,GABAPENTINA MG (A4H),Non-Retail,Público,Jan 2020,MTH,0.0
NOVARTIS,RYDAPT (NVR),Non-Retail,Público,Nov 2020,MTH,0.0
FARMACE,METROFARMA (FM/),Non-Retail,Privado,Dez 2020,MTH,169616.40517
SANOFI,FENERGAN EXPT (S.A),Non-Retail,Privado,Ago 2020,MTH,370.71562
TEUTO BRASILEIRO,TETRADERM (TTB),Non-Retail,Privado,Set 2020,MTH,151.0134
GALDERMA,AVICIS (GLD),Retail,Privado,Jun 2020,MTH,1025438.96
MEDLEY,LAMOTRIGINA MG (MD7),Non-Retail,Privado,Nov 2020,MTH,97.94052
UNIAO QUIMICA F N,HALOPERIDOL MG (U.Q),Retail,Privado,Dez 2020,MTH,0.0
CRISTALIA,CLOR. LIDOCAINA MG (CT6),Retail,Privado,Out 2020,MTH,123730.04
BLAU FARMACEUTICA,HIOARISTON (BU+),Non-Retail,Privado,Mar 2020,MTH,0.0
CIMED,CIMELIDE (CM5),Non-Retail,Privado,Jun 2020,MTH,166266.858
USK DERMATOLOGY,HARMONYCA (UKT),Retail,Privado,Jun 2020,MTH,753838.7999999999
BESINS HEALTHCARE,VAGIFEM (B4I),Retail,Privado,Jul 2020,MTH,0.0
PFIZER,ENBREL (PFZ),Non-Retail,Público,Nov 2020,MTH,522556.2477799999
FQM GRUPO,GYNOPAC 2 (FQM),Non-Retail,Privado,Ago 2020,MTH,430.68434
JANSSEN CILAG,DAKTARIN GEL (J-C),Non-Retail,Privado,Set 2020,MTH,1035.52048
ASTRAZENECA BRASIL,ARIMIDEX (AZN),Retail,Privado,Dez 2020,MTH,1143757.0
ORGANON,MERCILON (ORG),Retail,Privado,Jun 2020,MTH,1037798.41
VALEANT,OXIPELLE (VLT),Non-Retail,Público,Jun 2020,MTH,0.0
MERZ,RADIESSE DUO (MRZ),Retail,Privado,Ago 2020,MTH,7394056.8
NATIVITA IND COMER,CLOR.RANITIDINA MG (NV7),Retail,Privado,Abr 2020,MTH,1012.48
ASPEN PHARMA,XYLOPROCT (A3N),Non-Retail,Público,Jul 2020,MTH,5010.09417
ACCORD FARMACEUTIC,BES CISATRACURI MG (A1F),Non-Retail,Privado,Jul 2020,MTH,0.0
MEDLEY,LISINOPRIL MG (MD7),Non-Retail,Privado,Nov 2020,MTH,5381.28789
SANDOZ DO BRASIL,DESFERAL (SDZ),Retail,Privado,Jan 2020,MTH,5763.34
DIFFUCAP-CHEMOBRAS,ULCESTOP (DFP),Non-Retail,Privado,Nov 2020,MTH,0.0
PRATI DONADUZZI,DEFERASIROX MG (PZ8),Non-Retail,Público,Nov 2020,MTH,0.0
ABL ANTIBIOTICOS,VANCOCINA CP. (AB3),Non-Retail,Público,Set 2020,MTH,21195.81044
EUROFARMA,PANTOCAL (EUF),Retail,Privado,Ago 2020,MTH,1247522.28
APSEN,REUQUINOL (APS),Non-Retail,Público,Mar 2020,MTH,623874.36694
EUROFARMA,MEROPENEM MG (EUF),Non-Retail,Público,Fev 2020,MTH,496957.48292
EMS PHARMA,ESPASMO DIMETILIV (E3S),Retail,Privado,Set 2020,MTH,163414.37
EUROFARMA,MAMADES (EUF),Retail,Privado,Fev 2020,MTH,0.0
EMS PHARMA,CAPTOPRIL MG (E3S),Non-Retail,Privado,Fev 2020,MTH,6019.88379
NEO QUIMICA,CIPROFIBRATO MG (N.Q),Non-Retail,Público,Set 2020,MTH,7432.01699
NOVARTIS,ATORVASTATINA MG (NVR),Non-Retail,Privado,Nov 2020,MTH,168.67534
ZODIAC,DOXOPEG (ZD1),Non-Retail,Público,Jun 2020,MTH,220652.92291
GADOR,OXALIMEIZ (GDO),Non-Retail,Privado,Jul 2020,MTH,7092.34849
NEO QUIMICA,FLUXON (N.Q),Non-Retail,Privado,Set 2020,MTH,77820.44501
CIMED,ALGEXIN (CM5),Retail,Privado,Set 2020,MTH,0.0
NOVA QUIMICA,PREDNISONA MG (NQA),Retail,Privado,Jan 2020,MTH,158175.11
ACHE,FACTIVE (A4H),Retail,Privado,Nov 2020,MTH,0.0
AMGEN BERGAMO,TAXILAN (AAI),Retail,Privado,Jan 2020,MTH,46950.5
CAZI,ALBISTIN (CAZ),Retail,Privado,Nov 2020,MTH,9609.660000000002
CIFARMA,TILONAX (CF2),Non-Retail,Privado,Mar 2020,MTH,0.0
ASTRAZENECA BRASIL,SELOPRESS ZOK (AZN),Non-Retail,Privado,Jun 2020,MTH,0.0
UNIAO QUIMICA F N,SETH (U.Q),Retail,Privado,Nov 2020,MTH,171987.43
TORRENT,CARVEDILOL MG (TNT),Non-Retail,Privado,Ago 2020,MTH,305.2952100000001
MANTECORP FARMASA,RIZI-M (MF+),Retail,Privado,Out 2020,MTH,1090890.08
ZODIAC,FENAZIC (ZD1),Non-Retail,Privado,Mai 2020,MTH,1722.02273
ACHE,BRAVAN (A4H),Non-Retail,Público,Jan 2020,MTH,0.0
SANTISA,FUROSANTISA (SIS),Retail,Privado,Nov 2020,MTH,0.0
PHARLAB,VAZIDIN MR (P7B),Non-Retail,Público,Mar 2020,MTH,384.33284
MEDLEY,CEFACLOR MG (MD7),Retail,Privado,Jun 2020,MTH,0.0
BLAU FARMACEUTICA,MTX (BU+),Retail,Privado,Jul 2020,MTH,402.92
EMS PHARMA,TELMISARTANA MG (E3S),Non-Retail,Público,Fev 2020,MTH,855.64005
EUROFARMA,DOMPERIX (EUF),Non-Retail,Privado,Fev 2020,MTH,12487.13279
BELFAR,DEXAGLOS (BLF),Retail,Privado,Jun 2020,MTH,20893.82
MEDLEY,PENTOXIFILINA MG (MD7),Retail,Privado,Dez 2020,MTH,37.92
EUROFARMA,BICERTO (EUF),Non-Retail,Privado,Jan 2020,MTH,28495.38253
ASTER,SOL FIS.CLOR SODIO (AS&),Retail,Privado,Set 2020,MTH,504.64
BALDACCI,BALCOR (BAL),Retail,Privado,Nov 2020,MTH,0.0
ACHE,FACTIVE (A4H),Retail,Privado,Out 2020,MTH,0.0
GLOBO,LERGIDRIN (GLO),Non-Retail,Público,Out 2020,MTH,0.0
MEDQUIMICA,AZITROMED (MDQ),Retail,Privado,Abr 2020,MTH,1048752.16
ISOFARMA,MANITOL (IS5),Non-Retail,Público,Abr 2020,MTH,50324.88215
MERCK,FLOXOCIP (MCK),Retail,Privado,Set 2020,MTH,13803.19
ACHE,CORUS H (A4H),Retail,Privado,Ago 2020,MTH,1312930.62
BIOLAB-SANUS FARMA,FORLUT (BS2),Non-Retail,Privado,Jun 2020,MTH,0.0
WASSER FARMA,BROMOGEX (W4F),Non-Retail,Privado,Jun 2020,MTH,3113.84442
GEOLAB,MAXIVIEW (GOB),Non-Retail,Público,Fev 2020,MTH,508.17201
MEDLEY,AZITROMICINA MG (MD7),Non-Retail,Público,Nov 2020,MTH,0.0
VITAMEDIC,FLAMATRAT (VI-),Non-Retail,Privado,Nov 2020,MTH,16.32342
SANDOZ DO BRASIL,LORSAR HCT (SDZ),Retail,Privado,Set 2020,MTH,0.0
ACHE,NOSINT (A4H),Non-Retail,Privado,Out 2020,MTH,1418016.38771
LIBBS,SUMAXPRO (LIB),Non-Retail,Privado,Set 2020,MTH,2977.12142
MULTILAB,CICLALGIN (MB9),Retail,Privado,Dez 2020,MTH,9068.88
EMS PHARMA,OTOMIXYN (E3S),Non-Retail,Público,Abr 2020,MTH,0.0
GERMED PHARMA,TELMISART+HIDRO MG (GM2),Retail,Privado,Ago 2020,MTH,0.0
MEDLEY,RISPERIDONA MG (MD7),Non-Retail,Público,Jul 2020,MTH,1992.41086
NOVARTIS,APRESOLINA (NVR),Non-Retail,Privado,Jan 2020,MTH,158810.84342
EXELTIS L F LTDA,TRESDE (EEL),Retail,Privado,Set 2020,MTH,396181.84
TEVA,COPAXONE (TEV),Non-Retail,Privado,Set 2020,MTH,2885.43475
MEDQUIMICA,CETO+DIP BETAME MG (MDQ),Retail,Privado,Fev 2020,MTH,0.0
NEO QUIMICA,ALERGIDEX (N.Q),Non-Retail,Privado,Mai 2020,MTH,6876.83597
ACHE,BRAVAN HCT (A4H),Non-Retail,Público,Set 2020,MTH,0.0
TEUTO BRASILEIRO,DIURIX (TTB),Non-Retail,Público,Abr 2020,MTH,53.08531
GERMED PHARMA,ESPIRONOLACTONA MG (GM2),Non-Retail,Público,Mai 2020,MTH,5633.152870000001
LIBBS,VELIJA (LIB),Non-Retail,Privado,Fev 2020,MTH,30646.6814
CRISTALIA,THIOPENTAX (CT6),Non-Retail,Público,Abr 2020,MTH,241877.94622
MEDQUIMICA,GLICONIL (MDQ),Retail,Privado,Jan 2020,MTH,385960.82
SANDOZ DO BRASIL,FUM QUETIAPINA MG (SDZ),Retail,Privado,Ago 2020,MTH,186046.72
CRISTALIA,TOBRAMICINA MG (CT6),Retail,Privado,Jan 2020,MTH,0.0
EUROFARMA,ITRACONAZOL MG (EUF),Non-Retail,Público,Mai 2020,MTH,0.0
GEOLAB,ACET.PREDNISOLO.MG (GOB),Non-Retail,Privado,Jan 2020,MTH,264.91929
NOVARTIS,EXELON PATCH (NVR),Non-Retail,Público,Jan 2020,MTH,28404.31651
NOVARTIS,TALOFILINA (NVR),Retail,Privado,Nov 2020,MTH,0.0
GEOLAB,TRINODAZOL NISTATI (GOB),Non-Retail,Privado,Jan 2020,MTH,1585.37644
GEOLAB,ARARTAN (GOB),Retail,Privado,Mar 2020,MTH,175799.5
VITAMEDIC,CLORTALIDONA MG (VI-),Non-Retail,Privado,Dez 2020,MTH,0.0
TEUTO BRASILEIRO,PRESSOTEC (TTB),Non-Retail,Público,Nov 2020,MTH,0.0
MANTECORP FARMASA,ADACNE CLIN (MF+),Non-Retail,Privado,Nov 2020,MTH,348.23298
BELFAR,QUADRIBETA (BLF),Retail,Privado,Jul 2020,MTH,41686.56
EUROFARMA,MELOXICAM MG (EUF),Non-Retail,Público,Mai 2020,MTH,0.0
UNIAO QUIMICA F N,DOXAPROST (U.Q),Non-Retail,Privado,Fev 2020,MTH,36297.38049
NOVARTIS,EXELON (NVR),Non-Retail,Privado,Jun 2020,MTH,8569.548490000001
FRESENIUS,GLICONATO CALCIO (FRS),Retail,Privado,Mar 2020,MTH,0.0
MEDLEY,TIOCONAZOL MG (MD7),Retail,Privado,Mar 2020,MTH,0.0
CRISTALIA,HEPARINOX (CT6),Retail,Privado,Jan 2020,MTH,0.0
LATINOFARMA,REGENCEL (L3F),Non-Retail,Público,Ago 2020,MTH,11143.27613
MANTECORP FARMASA,LYDIAN (MF+),Retail,Privado,Mar 2020,MTH,205028.02
HALEXISTAR,METRONIDAZOL MG (H.I),Non-Retail,Público,Ago 2020,MTH,58229.6147
MEDLEY,PANTOPRAZOL MG (MD7),Retail,Privado,Fev 2020,MTH,4127390.56
FQM GRUPO,SUSTRATE (FQM),Non-Retail,Público,Abr 2020,MTH,573082.55826
CRISTALIA,PAMIDRON (CT6),Retail,Privado,Mar 2020,MTH,7264.18
EUROFARMA,DOMPERIDONA MG (EUF),Non-Retail,Público,Jun 2020,MTH,47282.76917
NOVARTIS,VOTRIENT (NVR),Non-Retail,Privado,Ago 2020,MTH,3641327.161950001
MIDFARMA,IMIPENEM+CILAST.MG (M.F),Non-Retail,Público,Jan 2020,MTH,58021.46672999999
EMS PHARMA,TELMISARTANA MG (E3S),Retail,Privado,Set 2020,MTH,25324.22
VITAMEDIC,PREDNISONA MG (VI-),Retail,Privado,Nov 2020,MTH,86747.23
EUROFARMA,DICL PRAMIPEXOL MG (EUF),Non-Retail,Privado,Jul 2020,MTH,10353.13762
BIOMARIN,KUVAN (BM4),Retail,Privado,Nov 2020,MTH,0.0
BIOCHIMICO,ISOFLURANO MG (I.B),Non-Retail,Público,Out 2020,MTH,1073.40758
GEOLAB,CET+D.BET+S.NEO MG (GOB),Non-Retail,Público,Fev 2020,MTH,21.71675
BAYER PHARMA,ASPIRINA PREVENT (BYP),Non-Retail,Privado,Out 2020,MTH,1972.59717
PFIZER,PROVERA (PFZ),Non-Retail,Público,Jan 2020,MTH,1846.15639
BIOCHIMICO,PROPOTIL (I.B),Non-Retail,Privado,Abr 2020,MTH,500254.8095
SANOFI,ATURGYL NF (S.A),Non-Retail,Público,Ago 2020,MTH,5.4517
EMS PHARMA,NIKI (E3S),Non-Retail,Público,Jul 2020,MTH,73.98872
NEO QUIMICA,NEOSORO AD (N.Q),Retail,Privado,Out 2020,MTH,13195905.36
RANBAXY,PREGABALINA MG (RBY),Non-Retail,Privado,Jul 2020,MTH,56220.8669
HIPOLABOR,SULF GENTAMICIN MG (HPO),Retail,Privado,Mar 2020,MTH,0.0
SANOFI,AMPLICTIL PSIQUIA. (S.A),Non-Retail,Público,Abr 2020,MTH,339.74603
SERVIER DO BRASIL,VASTAREL (SVR),Retail,Privado,Mai 2020,MTH,0.0
MEDLEY,DEXAMETASONA MG (MD7),Non-Retail,Público,Fev 2020,MTH,0.0
ABBOTT,BURINAX (ABT),Non-Retail,Privado,Jun 2020,MTH,0.0
HALEXISTAR,CLIZE (H.I),Non-Retail,Privado,Out 2020,MTH,42025.87416
LUXBIOTECH FARMACE,CLARIFY BOOSTER (LXB),Retail,Privado,Fev 2020,MTH,0.0
ACHE,CEFALIV (A4H),Retail,Privado,Jul 2020,MTH,7042321.25
PHARLAB,FLUCONAZOL MG (P7B),Non-Retail,Público,Jul 2020,MTH,10.56981
TEUTO BRASILEIRO,PYLORITRAT IBP (TTB),Non-Retail,Privado,Jan 2020,MTH,4313.21739
NOVA QUIMICA,CLOR.METFORMINA MG (NQA),Non-Retail,Público,Fev 2020,MTH,3922.045530000001
CRISTALIA,REVIA (CT6),Non-Retail,Público,Nov 2020,MTH,1839.10547
USK DERMATOLOGY,MECICLIN (UKT),Non-Retail,Privado,Set 2020,MTH,199.55341
UNIAO QUIMICA F N,BUPSTESIC COM VASO (U.Q),Non-Retail,Privado,Ago 2020,MTH,71439.08541
NEO QUIMICA,LOXAM (N.Q),Non-Retail,Privado,Abr 2020,MTH,10.61706
ALLERGAN,COMBIGAN (ALL),Non-Retail,Público,Dez 2020,MTH,11123.99205
BAYER PHARMA,MAGNEVISTAN (BYP),Non-Retail,Privado,Fev 2020,MTH,3092.46558
TEUTO BRASILEIRO,DEXADOZE 5000 (TTB),Retail,Privado,Mar 2020,MTH,0.0
ACCORD FARMACEUTIC,PACLITAXEL MG (A1F),Retail,Privado,Abr 2020,MTH,152033.5
PFIZER,VIAGRA (PFZ),Non-Retail,Público,Ago 2020,MTH,1352.02176
TEVA,AZILECT (TEV),Non-Retail,Público,Dez 2020,MTH,1597.23832
BIOLAB-SANUS FARMA,SPORTVIS (BS2),Non-Retail,Privado,Nov 2020,MTH,1450618.9297
EMS PHARMA,PROP.CLOBETASOL MG (E3S),Non-Retail,Público,Dez 2020,MTH,10.30476
SANOFI,HIDANTAL (S.A),Non-Retail,Público,Dez 2020,MTH,50864.31202
ACHE,CLOR.FLUOXETINA MG (A4H),Retail,Privado,Mar 2020,MTH,224987.5
TORRENT,LAMOTRIGINA MG (TNT),Non-Retail,Público,Ago 2020,MTH,10.9034
MEDQUIMICA,CLOR.TETRACICLI.MG (MDQ),Retail,Privado,Nov 2020,MTH,141997.7
MEDLEY,SULF.TERBU+GUAI.MG (MD7),Retail,Privado,Jun 2020,MTH,0.0
BELFAR,MEBENDAZOL MG (BLF),Retail,Privado,Jul 2020,MTH,9928.8
ACHE,GAESO (A4H),Retail,Privado,Abr 2020,MTH,0.0
HIPOLABOR,DIPIRONA SO.INJ MG (HPO),Non-Retail,Privado,Fev 2020,MTH,0.0
MERCK,PREGABALINA MG (MCK),Non-Retail,Privado,Jun 2020,MTH,180846.48898
TORRENT,CLOR NEBIVOLOL MG (TNT),Retail,Privado,Jul 2020,MTH,480708.27
MARJAN,PERMEAR (MJA),Retail,Privado,Fev 2020,MTH,806380.7999999999
HALEXISTAR,BECA (H.I),Non-Retail,Privado,Jun 2020,MTH,0.0
MEDLEY,SUCC.DESVENLAFA MG (MD7),Non-Retail,Público,Jul 2020,MTH,10.56981
LAB EX ALERGENICOS,IMUNOTRANSFERAN SL (LXG),Retail,Privado,Dez 2020,MTH,9189.18
EUROFARMA,DIEVARI (EUF),Retail,Privado,Mar 2020,MTH,0.0
EMS PHARMA,VALER.BETAMETA.MG (E3S),Non-Retail,Privado,Fev 2020,MTH,0.0
GERMED PHARMA,LOSART.PO.+HCTZ MG (GM2),Non-Retail,Público,Out 2020,MTH,0.0
PFIZER,LORBRENA (PFZ),Retail,Privado,Out 2020,MTH,68430.56
GLENMARK,LYSTATE (GMK),Non-Retail,Público,Ago 2020,MTH,0.0
NOVA QUIMICA,CLOR.CICLOBENZA.MG (NQA),Non-Retail,Privado,Abr 2020,MTH,8918.333480000001
FRESENIUS,FRESOFLOX (FRS),Retail,Privado,Ago 2020,MTH,0.0
GUERBET,TELEBRIX 35 (GUE),Non-Retail,Privado,Ago 2020,MTH,4792.04487
MEDLEY,CLOTRIMAZOL MG (MD7),Retail,Privado,Out 2020,MTH,316665.2
NOVA QUIMICA,GLIMEPIRIDA MG (NQA),Non-Retail,Público,Mai 2020,MTH,0.0
SANDOZ DO BRASIL,CLOR.SERTRALINA MG (SDZ),Non-Retail,Público,Nov 2020,MTH,0.0
GEOLAB,AC DEXAMETASONA MG (GOB),Retail,Privado,Dez 2020,MTH,45902.22
NEO QUIMICA,DEXAMETASONA MG (N.Q),Non-Retail,Privado,Jun 2020,MTH,0.0
KLEY HERTZ,GINKOCAPS (KLH),Retail,Privado,Out 2020,MTH,284498.22
ACHE,TRAUM RETARD (A4H),Retail,Privado,Jan 2020,MTH,439978.36
HEBRON/QUEZALON,HISTAMIX D (HBR),Retail,Privado,Mar 2020,MTH,0.0
LEGRAND,CLOR.CICLOBENZA.MG (LG6),Retail,Privado,Abr 2020,MTH,55349.78
CRISTALIA,ALZ (CT6),Retail,Privado,Jun 2020,MTH,19249.78
GLOBO,NIMESULIDA MG (GLO),Non-Retail,Privado,Jun 2020,MTH,17025.1128
BIOLAB-SANUS FARMA,COGIT (BS2),Retail,Privado,Out 2020,MTH,66850.44
SANDOZ DO BRASIL,CLOR SOTALOL MG (SDZ),Non-Retail,Público,Mai 2020,MTH,438.94697
TEUTO BRASILEIRO,HIDROCLOROTIAZI.MG (TTB),Non-Retail,Público,Mai 2020,MTH,51677.56528
BIOLAB-SANUS FARMA,ARADOIS H (BS2),Retail,Privado,Dez 2020,MTH,4466822.24
MERCK,GLIVANCE XR (MCK),Non-Retail,Público,Set 2020,MTH,0.0
FRESENIUS,SMOFLIPID (FRS),Non-Retail,Público,Jan 2020,MTH,0.0
BAYER PHARMA,YASMIN 21+7 (BYP),Retail,Privado,Jun 2020,MTH,654232.79
BELFAR,VAGISTATINA (BLF),Non-Retail,Privado,Jun 2020,MTH,0.0
FARMO URUGUAI,EVOZAR (FUG),Retail,Privado,Fev 2020,MTH,150547.51
MUNDIPHARMA,MAXITROL (MUN),Retail,Privado,Jul 2020,MTH,648764.08
PHARLAB,PANTOPRAZOL MG (P7B),Retail,Privado,Abr 2020,MTH,0.0
GEOLAB,DICL BETAISTINA MG (GOB),Non-Retail,Público,Mar 2020,MTH,671.36623
MSD,TRYPTANOL (MSD),Retail,Privado,Set 2020,MTH,0.0
PFIZER,SERMION (PFZ),Non-Retail,Privado,Mar 2020,MTH,350.27802
CELLERA FARMA,OX ESCITALOPRAM MG (CLR),Non-Retail,Público,Mai 2020,MTH,371.41666
EMS PHARMA,BROMAZEPAM MG (E3S),Retail,Privado,Jan 2020,MTH,265211.8
ISOFARMA,SULF MAGNESIO (IS5),Non-Retail,Privado,Ago 2020,MTH,71646.25002
CIMED,PLAVOM (CM5),Non-Retail,Privado,Mai 2020,MTH,213.84595
VITAMEDIC,RENAPRIL (VI-),Non-Retail,Público,Fev 2020,MTH,17.3734
BIOLAB-SANUS FARMA,RENEHAVIS (BS2),Non-Retail,Privado,Mar 2020,MTH,1592986.65536
BIOLAB GENERICOS,SINVASTATINA MG (BGN),Non-Retail,Privado,Ago 2020,MTH,1962.61219
ACHE,MIONEVRIX (A4H),Non-Retail,Público,Ago 2020,MTH,130.84081
BLANVER,FUM TENO DESOPR MG (BNV),Non-Retail,Público,Dez 2020,MTH,551917.97408
ALLERGAN,OFLOX (ALL),Retail,Privado,Mai 2020,MTH,176916.16
ACHE,FOXIS (A4H),Non-Retail,Público,Mar 2020,MTH,321.08817
MANTECORP FARMASA,TACROZ (MF+),Retail,Privado,Ago 2020,MTH,20577.88
HIPOLABOR,CLOR. LIDOCAINA MG (HPO),Non-Retail,Privado,Fev 2020,MTH,433939.8097500001
MEDQUIMICA,PREGABALINA MG (MDQ),Retail,Privado,Mai 2020,MTH,1018930.14
EMS PHARMA,DEPOSTERON (E3S),Retail,Privado,Ago 2020,MTH,2746587.76
BIOLAB-SANUS FARMA,TRIAZOL (BS2),Non-Retail,Público,Jan 2020,MTH,0.0
MSD,PEGINTRON (MSD),Non-Retail,Privado,Abr 2020,MTH,0.0
GEOLAB,NISOFLAN (GOB),Non-Retail,Público,Mar 2020,MTH,943.80468
ACHE,CLOPIN (A4H),Non-Retail,Privado,Abr 2020,MTH,1528.85715
THERASKIN,VITACID ACNE (TSK),Non-Retail,Privado,Ago 2020,MTH,163.55101
GLOBO,NORXACIN (GLO),Non-Retail,Privado,Mai 2020,MTH,5436.18948
SANOFI,FENERGAN (S.A),Retail,Privado,Out 2020,MTH,1600632.47
UNIAO QUIMICA F N,OCUPRESS (U.Q),Retail,Privado,Fev 2020,MTH,1333567.44
LILLY,EMGALITY (LLY),Non-Retail,Público,Out 2020,MTH,0.0
NOVA QUIMICA,CEFADROXILA MG (NQA),Retail,Privado,Jan 2020,MTH,0.0
EMS PHARMA,AZITROCINA (E3S),Retail,Privado,Fev 2020,MTH,0.0
ARESE,NEVRIX IM (AEE),Non-Retail,Público,Out 2020,MTH,20878.05864
NOVARTIS,DUO-TRAVATAN B FRE (NVR),Retail,Privado,Mar 2020,MTH,1457721.94
GERMED PHARMA,CLO VENLAFAXINA MG (GM2),Non-Retail,Privado,Jun 2020,MTH,5326.17649
ZYDUS BRASIL,TAR ZOLPIDEM MG (ZY-),Non-Retail,Privado,Ago 2020,MTH,1591.89658
EMS PHARMA,GLIMATIN (E3S),Non-Retail,Público,Set 2020,MTH,22242.11763
MEDLEY,OX ESCITALOPRAM MG (MD7),Non-Retail,Público,Mar 2020,MTH,38.91978
BIOMM,HERZUMA (B-M),Non-Retail,Público,Jul 2020,MTH,61289.09511
EUROFARMA,KOIDEXA (EUF),Non-Retail,Privado,Mar 2020,MTH,121.62431
EMS PHARMA,CETOCONAZOL MG (E3S),Non-Retail,Privado,Nov 2020,MTH,67051.17388000002
EMS PHARMA,MUPIROX (E3S),Non-Retail,Privado,Fev 2020,MTH,1580.97958
ROCHE,ESBRIET (ROC),Non-Retail,Privado,Jan 2020,MTH,432989.90406
GLOBO,FOS.SOD.PREDNIS.MG (GLO),Non-Retail,Público,Dez 2020,MTH,5.15238
GEOLAB,METRONIDAZOL MG (GOB),Retail,Privado,Fev 2020,MTH,78982.67000000001
PFIZER,FELDENE (PFZ),Non-Retail,Público,Ago 2020,MTH,1281.14963
BIOLAB-SANUS FARMA,MONESSA (BS2),Retail,Privado,Ago 2020,MTH,687166.1799999998
NEO QUIMICA,HECLIVIR (N.Q),Retail,Privado,Abr 2020,MTH,36667.06
JANSSEN CILAG,ZYTIGA (J-C),Non-Retail,Público,Abr 2020,MTH,60326.15617999998
GEOLAB,COLCHICINA MG (GOB),Non-Retail,Público,Mar 2020,MTH,360.00797
LEGRAND,CAPTOPRIL MG (LG6),Retail,Privado,Jan 2020,MTH,322.19
BOEHRINGER ING,GLYXAMBI (B.I),Non-Retail,Privado,Jul 2020,MTH,55539.11358
HIPOLABOR,SULF SALBUTAMOL MG (HPO),Non-Retail,Privado,Out 2020,MTH,179.83792
GENZYME,THYMOGLOBULINE (GEZ),Non-Retail,Público,Fev 2020,MTH,565682.31865
MOKSHA8,VENIZ XR (MA8),Retail,Privado,Jul 2020,MTH,13127.4
TEVA,LONQUEX (TEV),Non-Retail,Privado,Out 2020,MTH,1471810.40585
GLENMARK,ULTIBRO (GMK),Non-Retail,Público,Mai 2020,MTH,4395.09729
TEUTO BRASILEIRO,CLOR.DOBUTAMINA MG (TTB),Non-Retail,Público,Nov 2020,MTH,124721.82168
BIOLAB GENERICOS,EZETIMIBA MG (BGN),Retail,Privado,Jan 2020,MTH,123862.83
BIOLAB GENERICOS,CLOR.MEMANTINA MG (BGN),Retail,Privado,Fev 2020,MTH,247822.33
TEUTO BRASILEIRO,FENITOINA SODIC.MG (TTB),Non-Retail,Privado,Dez 2020,MTH,0.0
BIOLAB GENERICOS,LOSART.PO.+HCTZ MG (BGN),Non-Retail,Público,Fev 2020,MTH,334.43798
MERCK,CRINONE (MCK),Retail,Privado,Ago 2020,MTH,112059.47
NOVA QUIMICA,CETO+DIP BETAME MG (NQA),Retail,Privado,Dez 2020,MTH,125468.59
PRATI DONADUZZI,CET+D.BET+S.NEO MG (PZ8),Non-Retail,Privado,Out 2020,MTH,0.0
EMS PHARMA,CLOR.AMITRIPTIL.MG (E3S),Non-Retail,Privado,Ago 2020,MTH,72109.64456
UNIAO QUIMICA F N,BETA-LONG (U.Q),Retail,Privado,Mai 2020,MTH,5226.6
SANDOZ DO BRASIL,CLOR.FLUOXETINA MG (SDZ),Retail,Privado,Out 2020,MTH,223953.95
TEUTO BRASILEIRO,DICLOR.CETIRIZI.MG (TTB),Non-Retail,Privado,Abr 2020,MTH,5128.04177
LATINOFARMA,TEROLAC (L3F),Non-Retail,Privado,Jun 2020,MTH,590.64601
ACHE,TAR METOPROLOL MG (A4H),Non-Retail,Público,Jun 2020,MTH,46396.80014
UNIAO QUIMICA F N,CLO PROPRANOLOL MG (U.Q),Non-Retail,Privado,Abr 2020,MTH,594.5555599999999
ZODIAC,DOXOPEG (ZD1),Retail,Privado,Fev 2020,MTH,89221.06
NEO QUIMICA,ACICLOVIR MG (N.Q),Retail,Privado,Jun 2020,MTH,8727.619999999999
TEUTO BRASILEIRO,ONCODOX (TTB),Non-Retail,Privado,Mai 2020,MTH,0.0
EMS PHARMA,NITR.ISOCONAZOL MG (E3S),Non-Retail,Público,Dez 2020,MTH,0.0
ZAMBON,RINOFLUIMUCIL (ZAM),Retail,Privado,Abr 2020,MTH,8.87
MEDLEY,ARACELI (MD7),Non-Retail,Privado,Out 2020,MTH,0.0
NOVA QUIMICA,BROMOPRIDA MG (NQA),Non-Retail,Privado,Dez 2020,MTH,659.50483
ZYDUS BRASIL,LETROZOL MG (ZY-),Retail,Privado,Abr 2020,MTH,0.0
ACCORD FARMACEUTIC,DOCKS (A1F),Non-Retail,Privado,Jan 2020,MTH,15837.20707
LILLY,ZYPREXA (LLY),Retail,Privado,Ago 2020,MTH,773954.0299999999
SANOFI,FUROSEMIDA MG (S.A),Non-Retail,Privado,Set 2020,MTH,0.0
PRATI DONADUZZI,VALER.BETAMETA.MG (PZ8),Retail,Privado,Abr 2020,MTH,0.0
PFIZER,DIABINESE (PFZ),Retail,Privado,Ago 2020,MTH,104129.16
OCTAPHARMA,OCTAPLEX (OCT),Non-Retail,Público,Jan 2020,MTH,10923.78188
PRATI DONADUZZI,GLIBENCLAMIDA MG (PZ8),Non-Retail,Privado,Mai 2020,MTH,332.0239800000001
ABL ANTIBIOTICOS,CEFALOTINA SODI.MG (AB3),Non-Retail,Privado,Set 2020,MTH,49176.43758
RANBAXY,NIMESULIDA MG (RBY),Retail,Privado,Ago 2020,MTH,7.85
ZODIAC,BIO-VAGIN (ZD1),Retail,Privado,Out 2020,MTH,624362.31
PRATI DONADUZZI,NIMESULIDA MG (PZ8),Non-Retail,Público,Ago 2020,MTH,17946.99855
BRISTOL M. SQUIBB,MEGESTAT (BMS),Retail,Privado,Dez 2020,MTH,0.0
SANOFI,CLOPIDOGREL MG (S.A),Non-Retail,Privado,Set 2020,MTH,0.0
FRESENIUS,PROPOFOL (FRS),Non-Retail,Privado,Dez 2020,MTH,55609.65556
BAYER PHARMA,YAZ 24+4 (BYP),Non-Retail,Público,Abr 2020,MTH,69.01091
UNIAO QUIMICA F N,OCUPRESS (U.Q),Retail,Privado,Mai 2020,MTH,1797313.6
TEUTO BRASILEIRO,BROM.FENOTEROL MG (TTB),Non-Retail,Privado,Jul 2020,MTH,0.0
GLOBO,CETOCONAZOL CPR MG (GLO),Non-Retail,Público,Jun 2020,MTH,41.44884
PRATI DONADUZZI,CLOR.CIPROFLOXA.MG (PZ8),Retail,Privado,Abr 2020,MTH,197881.21
NEO QUIMICA,OLMES ME+HIDROC MG (N.Q),Non-Retail,Privado,Nov 2020,MTH,4929.67325
MANTECORP FARMASA,ALIVIUM 600 (MF+),Non-Retail,Público,Dez 2020,MTH,103.04763
UNIAO QUIMICA F N,UNIPRAZOL (U.Q),Retail,Privado,Jul 2020,MTH,1081478.36
GERMED PHARMA,CLOR.CLOMIPRAMI.MG (GM2),Non-Retail,Público,Fev 2020,MTH,3861.23863
SANOBIOL,SOL GLIC.FISIOLOG. (SAO),Non-Retail,Privado,Fev 2020,MTH,55855.48798000001
MEDLEY,LEVOFLOXACINO MG (MD7),Retail,Privado,Jan 2020,MTH,186158.48
SANOFI,VALPAKINE (S.A),Non-Retail,Público,Jul 2020,MTH,73.98873
DAIICHI SANKYO,DAISAN (DCS),Non-Retail,Público,Nov 2020,MTH,39660.47283
MEDLEY,V.BE+SU.G+TO+CL MG (MD7),Retail,Privado,Mar 2020,MTH,5.89
BRASTERAPICA,CIFLOXATIL (BRT),Retail,Privado,Jun 2020,MTH,12222.51
USK DERMATOLOGY,ATOBACH (UKT),Retail,Privado,Jul 2020,MTH,0.0
EMS PHARMA,EZETIMI+SINVAST MG (E3S),Non-Retail,Privado,Out 2020,MTH,387.7755
VALEANT,OXSORALEN (VLT),Retail,Privado,Abr 2020,MTH,26340.3
ZODIAC,DINAFLEX (ZD1),Non-Retail,Privado,Mai 2020,MTH,0.0
GEOLAB,MONTELUCASTE SO MG (GOB),Non-Retail,Público,Mai 2020,MTH,1924.61366
EMS PHARMA,TENADREN (E3S),Non-Retail,Privado,Ago 2020,MTH,327.10202
EMS PHARMA,CLO (E3S),Retail,Privado,Set 2020,MTH,1157741.0
MEDLEY,PYLORIPAC (MD7),Non-Retail,Privado,Dez 2020,MTH,1009.86678
BRISTOL M. SQUIBB,OPDIVO (BMS),Retail,Privado,Ago 2020,MTH,1361210.9
EUROFARMA,DESOGES+ETINILE.MG (EUF),Retail,Privado,Ago 2020,MTH,445552.98
UNIAO QUIMICA F N,BETA-LONG (U.Q),Non-Retail,Privado,Set 2020,MTH,347832.41824
NOVARTIS,EXELON PATCH (NVR),Retail,Privado,Dez 2020,MTH,7695372.58
EMS PHARMA,NORIDERM (E3S),Non-Retail,Privado,Mai 2020,MTH,0.0
UNIAO QUIMICA F N,CICLOVULAR (U.Q),Non-Retail,Público,Abr 2020,MTH,0.0
MULTILAB,OSKIN (MB9),Non-Retail,Público,Mar 2020,MTH,0.0
EUROFARMA,AMORA (EUF),Non-Retail,Privado,Nov 2020,MTH,184.99877
FQM GRUPO,ALENDIL CALCIO D (FQM),Non-Retail,Público,Jul 2020,MTH,0.0
AUROBINDO PHARMA,CLOR.CIPROFLOXA.MG (AOB),Non-Retail,Público,Out 2020,MTH,0.0
ACHE,LIVEPAX (A4H),Retail,Privado,Jul 2020,MTH,320025.86
SANDOZ DO BRASIL,ATENOLOL+CLORTA.MG (SDZ),Retail,Privado,Mar 2020,MTH,162013.57
SANDOZ DO BRASIL,SECNIHEXAL (SDZ),Retail,Privado,Fev 2020,MTH,434788.01
BAXTER,CERNE-12 (BAX),Non-Retail,Privado,Dez 2020,MTH,270252.7243
TEUTO BRASILEIRO,CLOR NEBIVOLOL MG (TTB),Non-Retail,Privado,Fev 2020,MTH,3409.53017
EMS PHARMA,CETOPROFENO MG (E3S),Non-Retail,Público,Fev 2020,MTH,76125.90504
ACHE,FLUNARIN (A4H),Non-Retail,Público,Jun 2020,MTH,5.1811
MUNDIPHARMA,COSOPT (MUN),Retail,Privado,Jan 2020,MTH,1812454.46
EMS PHARMA,MALEATO TIMOLOL MG (E3S),Non-Retail,Público,Nov 2020,MTH,0.0
EMS PHARMA,CLOR.ONDANSETRO MG (E3S),Non-Retail,Privado,Dez 2020,MTH,0.0
BAGO,TIORFAN (BAG),Retail,Privado,Mar 2020,MTH,1694187.16
MULTILAB,ATENOLAB (MB9),Retail,Privado,Jul 2020,MTH,226820.09
UNIAO QUIMICA F N,EXTODIN (U.Q),Non-Retail,Público,Out 2020,MTH,804937.67491
GALDERMA,RESTYLANE LYFT (GLD),Non-Retail,Público,Mai 2020,MTH,0.0
CIMED,CIT SILDENAFILA MG (CM5),Non-Retail,Privado,Abr 2020,MTH,233.5754
EMS PHARMA,MESI.DOXAZOSINA MG (E3S),Non-Retail,Privado,Mar 2020,MTH,471537.47729
GEOLAB,TRINODAZOL (GOB),Non-Retail,Privado,Mar 2020,MTH,31486.10318
NEO QUIMICA,HIDROCLOROTIAZI.MG (N.Q),Retail,Privado,Mai 2020,MTH,829515.94
SOBRAL,BACSULFAPRIM (SOB),Non-Retail,Privado,Jul 2020,MTH,1421.64064
TEUTO BRASILEIRO,LEXAPRASS (TTB),Non-Retail,Privado,Abr 2020,MTH,42.46824
MEDLEY,VALTRIAN (MD7),Non-Retail,Privado,Jul 2020,MTH,554.91548
GERMED PHARMA,DESLORATADINA MG (GM2),Non-Retail,Privado,Abr 2020,MTH,112992.10085
NOVARTIS,RASILEZ (NVR),Non-Retail,Privado,Jan 2020,MTH,0.0
TAKEDA PHARMA,AMITIZA (TAK),Non-Retail,Público,Nov 2020,MTH,0.0
ACHE,MIONEVRIX (A4H),Retail,Privado,Mai 2020,MTH,1250173.15
ACHE,LUTICS (A4H),Non-Retail,Privado,Jan 2020,MTH,28.97553
ASTRAZENECA BRASIL,NOLVADEX-D (AZN),Non-Retail,Público,Nov 2020,MTH,413.52667
FARMACE,FUROSEFARMA (FM/),Non-Retail,Privado,Dez 2020,MTH,230156.88999
BIOLAB-SANUS FARMA,DRENISON N (BS2),Retail,Privado,Jan 2020,MTH,144145.29
PFIZER,MINIPRESS SR (PFZ),Retail,Privado,Dez 2020,MTH,0.0
SANDOZ DO BRASIL,AC ZOLEDRONICO MG (SDZ),Retail,Privado,Out 2020,MTH,0.0
EMS PHARMA,DEFLAIMMUN (E3S),Non-Retail,Público,Set 2020,MTH,0.0
NOVARTIS,SIMBRINZA (NVR),Non-Retail,Público,Mai 2020,MTH,506.47728
BAYER PHARMA,CLIMENE (BYP),Non-Retail,Privado,Fev 2020,MTH,3948.10563
GERMED PHARMA,RISPERIDONA MG (GM2),Non-Retail,Público,Abr 2020,MTH,84.93650000000001
USK DERMATOLOGY,MODIK (UKT),Non-Retail,Privado,Jul 2020,MTH,4069.380259999999
BRISTOL M. SQUIBB,HYDREA (BMS),Non-Retail,Público,Jan 2020,MTH,0.0
EMS PHARMA,ARAZABI (E3S),Non-Retail,Privado,Set 2020,MTH,261242.40886
CELLERA FARMA,ENDROSTAN (CLR),Non-Retail,Público,Fev 2020,MTH,112870.65067
ALTHAIA S/A,SUCC.DESVENLAFA MG (AH/),Non-Retail,Privado,Fev 2020,MTH,1042.40412
LIBBS,CEBRILIN (LIB),Non-Retail,Privado,Fev 2020,MTH,2931.76161
TEUTO BRASILEIRO,OSTRAT (TTB),Non-Retail,Público,Mai 2020,MTH,0.0
TEUTO BRASILEIRO,BROM CITALOPRAM MG (TTB),Non-Retail,Público,Nov 2020,MTH,49508.93706999999
MEDLEY,CETOCONAZOL MG (MD7),Non-Retail,Privado,Abr 2020,MTH,53.0853
SUPERA RX,SENES (SP0),Non-Retail,Privado,Ago 2020,MTH,190.8095
ACHE,HORA H UNO (A4H),Retail,Privado,Jul 2020,MTH,702048.32
LEGRAND,LOSARTAN POTAS.MG (LG6),Non-Retail,Privado,Jul 2020,MTH,42395.54374
MEDLEY,RAMIPRIL MG (MD7),Non-Retail,Público,Jun 2020,MTH,129.52762
